VOGUIClasses.DLL,VO,OleProps
VOGUIClasses.DLL,VO,SelfPtr
VOGUIClasses.DLL,VO,StrColor
VOGUIClasses.DLL,VO,strucPictureFuncFlags
VOGUIClasses.DLL,VO,WCColor
VOGUIClasses.DLL,VO,WCError
VOGUIClasses.DLL,VO,CurHand
VOGUIClasses.DLL,VO,OleDragEventInfo
VOInternetClasses.DLL,VO,StdSocket
VORDDClasses.DLL,VO,DbSelectionIndex
VOSystemClasses.DLL,VO,ObjCodeBlock
VOSystemClasses.DLL,VO,DbError
VOSystemClasses.DLL,VO,FSError
VOSystemClasses.DLL,VO,HLError
XSharp.Core.DLL,XSharp,AssemblyHelper
XSharp.Core.DLL,XSharp,MemoHelpers
XSharp.Core.DLL,XSharp,Messages
XSharp.Core.DLL,XSharp,SQLHelpers
XSharp.Core.DLL,XSharp,VOErrors
XSharp.Core.DLL,XSharp,StringHelpers
XSharp.Core.DLL,XSharp.RDD.Support,RDDExtensions
XSharp.RDD.DLL,Xsharp.ADS,ACE
XSharp.RDD.DLL,Xsharp.ADS,ACE32
XSharp.RDD.DLL,Xsharp.ADS,ACE64
XSharp.RDD.DLL,Xsharp.ADS,ACEUNPUB
XSharp.RDD.DLL,Xsharp.ADS,ACEUNPUB32
XSharp.RDD.DLL,Xsharp.ADS,ACEUNPUB64
XSharp.RDD.DLL,Xsharp.ADS,AdsEnumExtensions
XSharp.RDD.DLL,XSharp.RDD,CodePageExtensions
XSharp.VFP.DLL,XSharp.VFP,PropertyVisibility
XSharp.VORDDClasses.DLL,XSharp.VO.SDK,DbSelectionIndex
XSharp.VOSystemClasses.DLL,XSharp.VO.SDK,DbError
XSharp.VOSystemClasses.DLL,XSharp.VO.SDK,ObjCodeBlock
