XSharp.RT.DLL,_accept,Terminal,,
XSharp.RT.DLL,_ArrayToObjectArray,Programming,,
XSharp.RT.DLL,_ArrayToUsualArray,Programming,,
XSharp.RT.DLL,_Break,Programming,,
XSharp.Core.DLL,_C2Hex,Conversion,String,
XSharp.RT.DLL,_CallClipFunc,Programming,,
XSharp.VFP.DLL,_cmdDirChange,File,,
XSharp.VFP.DLL,_cmdDirMake,Programming,File,
XSharp.VFP.DLL,_cmdDirRemove,Programming,,
XSharp.RT.DLL,_CreateInstance,Programming,,
XSharp.Core.DLL,_DebOut32,Debug,,
XSharp.Core.DLL,_GetCmdLine,Programming,,
XSharp.Core.DLL,_GetInst,Programming,,
XSharp.RT.DLL,_HasClipFunc,Programming,,
XSharp.Core.DLL,_Like,String,,
XSharp.RT.DLL,_MClear,MemVar,,
XSharp.RT.DLL,_MRelease,MemVar,,
XSharp.RT.DLL,_MRestore,MemVar,,
XSharp.RT.DLL,_MSave,MemVar,,
XSharp.RT.DLL,_MxRelease,MemVar,,
XSharp.RT.DLL,_NoAlias,Dbf,,
XSharp.RT.DLL,_ObjectArrayToUsualArray,Programming,,
XSharp.RT.DLL,_PrivateCount,MemVar,,
XSharp.RT.DLL,_PrivateEnum,MemVar,,
XSharp.RT.DLL,_PrivateFirst,MemVar,,
XSharp.RT.DLL,_PrivateNext,MemVar,,
XSharp.RT.DLL,_PublicCount,MemVar,,
XSharp.RT.DLL,_PublicEnum,MemVar,,
XSharp.RT.DLL,_PublicFirst,MemVar,,
XSharp.RT.DLL,_PublicNext,MemVar,,
XSharp.Core.DLL,_Quit,Programming,,
XSharp.VO.DLL,_Run,Programming,,
XSharp.RT.DLL,_Select,Dbf,,
XSharp.RT.DLL,_SelectString,Dbf,,
XSharp.RT.DLL,_Send,Programming,,
XSharp.RT.DLL,_SequenceError,Programming,,
XSharp.RT.DLL,_SequenceRecover,Programming,,
VOSQLClasses.DLL,_SLen,String,,
XSharp.Core.DLL,_SplitPath,Disk,,
XSharp.RT.DLL,_Str,String,Conversion,Numeric
XSharp.RT.DLL,_Str3,String,Conversion,Numeric
XSharp.RT.DLL,_UsualArrayToObjectArray,Programming,,
XSharp.Core.DLL,_Val,Conversion,String,Numeric
XSharp.RT.DLL,_VoDbErrInfoPtr,Error,,
XSharp.RT.DLL,_wait,Terminal,,
XSharp.RT.DLL,AAdd,Array,,
XSharp.RT.DLL,Abs,Numeric,,
XSharp.RT.DLL,AbsFloat,Numeric,,
XSharp.Core.DLL,AbsInt,Numeric,,
XSharp.Core.DLL,AbsLong,Numeric,,
XSharp.Core.DLL,AbsReal4,Numeric,,
XSharp.Core.DLL,AbsReal8,Numeric,,
XSharp.Core.DLL,AbsShort,Numeric,,
XSharp.VFP.DLL,AClass,Programming,,
XSharp.RT.DLL,AClone,Array,,
XSharp.RT.DLL,ACloneShallow,Array,,
XSharp.RT.DLL,ACopy,Array,,
XSharp.RT.DLL,ACos,Numeric,,
XSharp.RT.DLL,ACot,Numeric,,
XSharp.VFP.DLL,ADatabases,Dbf,,
XSharp.VFP.DLL,ADBObjects,DBC,Programming,
XSharp.VFP.DLL,AddBs,String,File,
XSharp.VFP.DLL,AddProperty,Programming,Metadata,
XSharp.RT.DLL,ADel,Array,,
XSharp.VFP.DLL,ADel,Array,,
XSharp.RT.DLL,ADim,Array,String,
XSharp.RT.DLL,ADimPic,Array,String,
XSharp.RT.DLL,ADir,File,Array,
XSharp.Core.DLL,AdjustFName,File,,
XSharp.Core.DLL,AdjustFNameA,File,,
XSharp.RDD.DLL,AdsAddCustomKey,ADS,,
XSharp.RDD.DLL,AdsAppendRecord,ADS,,
XSharp.RDD.DLL,AdsApplicationExit,ADS,,
XSharp.RDD.DLL,AdsAtBOF,ADS,,
XSharp.RDD.DLL,AdsAtEOF,ADS,,
XSharp.RDD.DLL,AdsBeginTransaction,ADS,,
XSharp.RDD.DLL,AdsBinaryToFile,ADS,,
XSharp.RDD.DLL,AdsCacheOpenCursors,ADS,,
XSharp.RDD.DLL,AdsCacheOpenTables,ADS,,
XSharp.RDD.DLL,AdsCacheRecords,ADS,,
XSharp.RDD.DLL,AdsCancelUpdate,ADS,,
XSharp.RDD.DLL,AdsClearAllScopes,ADS,,
XSharp.RDD.DLL,AdsClearAOF,ADS,,
XSharp.RDD.DLL,AdsClearCallbackFunction,ADS,,
XSharp.RDD.DLL,AdsClearDefault,ADS,,
XSharp.RDD.DLL,AdsClearFilter,ADS,,
XSharp.RDD.DLL,AdsClearProgressCallback,ADS,,
XSharp.RDD.DLL,AdsClearRelation,ADS,,
XSharp.RDD.DLL,AdsClearScope,ADS,,
XSharp.RDD.DLL,AdsClearSQLAbortFunc,ADS,,
XSharp.RDD.DLL,AdsClearSQLParams,ADS,,
XSharp.RDD.DLL,AdsCloneTable,ADS,,
XSharp.RDD.DLL,AdsCloseAllIndexes,ADS,,
XSharp.RDD.DLL,AdsCloseAllTables,ADS,,
XSharp.RDD.DLL,AdsCloseCachedTables,ADS,,
XSharp.RDD.DLL,AdsCloseIndex,ADS,,
XSharp.RDD.DLL,AdsCloseSQLStatement,ADS,,
XSharp.RDD.DLL,AdsCloseTable,ADS,,
XSharp.RDD.DLL,AdsCommitTransaction,ADS,,
XSharp.RDD.DLL,AdsConnect60,ADS,,
XSharp.RDD.DLL,AdsContinue,ADS,,
XSharp.RDD.DLL,AdsCopyTableStructure,ADS,,
XSharp.RDD.DLL,AdsCreateFTSIndex,ADS,,
XSharp.RDD.DLL,AdsCreateIndex,ADS,,
XSharp.RDD.DLL,AdsCreateIndex90,ADS,,
XSharp.RDD.DLL,AdsCreateSQLStatement,ADS,,
XSharp.RDD.DLL,AdsCreateTable90,ADS,,
XSharp.RDD.DLL,AdsDecryptRecord,ADS,,
XSharp.RDD.DLL,AdsDecryptTable,ADS,,
XSharp.RDD.DLL,AdsDeleteCustomKey,ADS,,
XSharp.RDD.DLL,AdsDeleteIndex,ADS,,
XSharp.RDD.DLL,AdsDeleteRecord,ADS,,
XSharp.RDD.DLL,AdsDisableAutoIncEnforcement,ADS,,
XSharp.RDD.DLL,AdsDisableEncryption,ADS,,
XSharp.RDD.DLL,AdsDisableLocalConnections,ADS,,
XSharp.RDD.DLL,AdsDisableRI,ADS,,
XSharp.RDD.DLL,AdsDisableUniqueEnforcement,ADS,,
XSharp.RDD.DLL,AdsDisconnect,ADS,,
XSharp.RDD.DLL,AdsEnableAutoIncEnforcement,ADS,,
XSharp.RDD.DLL,AdsEnableEncryption,ADS,,
XSharp.RDD.DLL,AdsEnableRI,ADS,,
XSharp.RDD.DLL,AdsEnableUniqueEnforcement,ADS,,
XSharp.RDD.DLL,AdsEncryptRecord,ADS,,
XSharp.RDD.DLL,AdsEncryptTable,ADS,,
XSharp.RDD.DLL,AdsEvalLogicalExpr,ADS,,
XSharp.RDD.DLL,AdsEvalNumericExpr,ADS,,
XSharp.RDD.DLL,AdsEvalStringExpr,ADS,,
XSharp.RDD.DLL,AdsEvalTestExpr,ADS,,
XSharp.RDD.DLL,AdsExecuteSQL,ADS,,
XSharp.RDD.DLL,AdsExecuteSQLDirect,ADS,,
XSharp.RDD.DLL,AdsExtractKey,ADS,,
XSharp.RDD.DLL,AdsFileToBinary,ADS,,
XSharp.RDD.DLL,AdsFindConnection,ADS,,
XSharp.RDD.DLL,AdsFlushFileBuffers,ADS,,
XSharp.RDD.DLL,AdsGetAllIndexes,ADS,,
XSharp.RDD.DLL,AdsGetAllLocks,ADS,Locking,
XSharp.RDD.DLL,AdsGetAllTables,ADS,,
XSharp.RDD.DLL,AdsGetAOFOptLevel,ADS,,
XSharp.RDD.DLL,AdsGetBinary,ADS,,
XSharp.RDD.DLL,AdsGetBinaryLength,ADS,,
XSharp.RDD.DLL,AdsGetBookmark,ADS,,
XSharp.RDD.DLL,AdsGetConnectionType,ADS,,
XSharp.RDD.DLL,AdsGetDate,ADS,,
XSharp.RDD.DLL,AdsGetDateFormat,ADS,,
XSharp.RDD.DLL,AdsGetDouble,ADS,,
XSharp.RDD.DLL,AdsGetErrorMessage,ADS,,
XSharp.RDD.DLL,AdsGetField,ADS,,
XSharp.RDD.DLL,AdsGetFieldDecimals,ADS,,
XSharp.RDD.DLL,AdsGetFieldLength,ADS,,
XSharp.RDD.DLL,AdsGetFieldName,ADS,,
XSharp.RDD.DLL,AdsGetFieldType,ADS,,
XSharp.RDD.DLL,AdsGetFTSIndexes,ADS,,
XSharp.RDD.DLL,AdsGetHandleType,ADS,,
XSharp.RDD.DLL,AdsGetIndexCondition,ADS,,
XSharp.RDD.DLL,AdsGetIndexExpr,ADS,,
XSharp.RDD.DLL,AdsGetIndexFilename,ADS,,
XSharp.RDD.DLL,AdsGetIndexHandle,ADS,,
XSharp.RDD.DLL,AdsGetIndexHandleByOrder,ADS,,
XSharp.RDD.DLL,AdsGetIndexName,ADS,,
XSharp.RDD.DLL,AdsGetIndexOrderByHandle,ADS,,
XSharp.RDD.DLL,AdsGetJulian,ADS,,
XSharp.RDD.DLL,AdsGetKeyCount,ADS,,
XSharp.RDD.DLL,AdsGetKeyLength,ADS,,
XSharp.RDD.DLL,AdsGetKeyNum,ADS,,
XSharp.RDD.DLL,AdsGetKeyType,ADS,,
XSharp.RDD.DLL,AdsGetLastError,ADS,,
XSharp.RDD.DLL,AdsGetLastTableUpdate,ADS,,
XSharp.RDD.DLL,AdsGetLogical,ADS,,
XSharp.RDD.DLL,AdsGetMemoBlockSize,ADS,,
XSharp.RDD.DLL,AdsGetMemoLength,ADS,,
XSharp.RDD.DLL,AdsGetNumFields,ADS,,
XSharp.RDD.DLL,AdsGetNumIndexes,ADS,,
XSharp.RDD.DLL,AdsGetNumLocks,ADS,Locking,
XSharp.RDD.DLL,AdsGetRecordCount,ADS,,
XSharp.RDD.DLL,AdsGetRecordCRC,ADS,,
XSharp.RDD.DLL,AdsGetRecordLength,ADS,,
XSharp.RDD.DLL,AdsGetRecordNum,ADS,,
XSharp.RDD.DLL,AdsGetRelKeyPos,ADS,,
XSharp.RDD.DLL,AdsGetScope,ADS,,
XSharp.RDD.DLL,AdsGetString,ADS,,
XSharp.RDD.DLL,AdsGetStringW,ADS,,
XSharp.RDD.DLL,AdsGetTableFilename,ADS,,
XSharp.RDD.DLL,AdsGetTableOpenOptions,ADS,,
XSharp.RDD.DLL,AdsGetTableType,ADS,,
XSharp.RDD.DLL,AdsGotoBottom,ADS,,
XSharp.RDD.DLL,AdsGotoRecord,ADS,,
XSharp.RDD.DLL,AdsGotoTop,ADS,,
XSharp.RDD.DLL,AdsInitRawKey,ADS,,
XSharp.RDD.DLL,AdsInTransaction,ADS,,
XSharp.RDD.DLL,AdsIsEmpty,ADS,,
XSharp.RDD.DLL,AdsIsFound,ADS,,
XSharp.RDD.DLL,AdsIsIndexCustom,ADS,,
XSharp.RDD.DLL,AdsIsIndexDescending,ADS,,
XSharp.RDD.DLL,AdsIsIndexUnique,ADS,,
XSharp.RDD.DLL,AdsIsRecordDeleted,ADS,,
XSharp.RDD.DLL,AdsIsRecordLocked,ADS,Locking,
XSharp.RDD.DLL,AdsIsRecordVisible,ADS,,
XSharp.RDD.DLL,AdsIsServerLoaded,ADS,,
XSharp.RDD.DLL,AdsIsTableLocked,ADS,Locking,
XSharp.RDD.DLL,AdsLockRecord,ADS,Locking,
XSharp.RDD.DLL,AdsLockTable,ADS,Locking,
XSharp.RDD.DLL,AdsMgConnect,ADS,,
XSharp.RDD.DLL,AdsMgDisconnect,ADS,,
XSharp.RDD.DLL,AdsMgDumpInternalTables,ADS,,
XSharp.RDD.DLL,AdsMgGetActivityInfo,ADS,,
XSharp.RDD.DLL,AdsMgGetCommStats,ADS,,
XSharp.RDD.DLL,AdsMgGetConfigInfo,ADS,,
XSharp.RDD.DLL,AdsMgGetInstallInfo,ADS,,
XSharp.RDD.DLL,AdsMgGetLockOwner,ADS,Locking,
XSharp.RDD.DLL,AdsMgGetLocks,ADS,Locking,
XSharp.RDD.DLL,AdsMgGetOpenIndexes,ADS,,
XSharp.RDD.DLL,AdsMgGetOpenTables,ADS,,
XSharp.RDD.DLL,AdsMgGetServerType,ADS,,
XSharp.RDD.DLL,AdsMgGetUserNames,ADS,,
XSharp.RDD.DLL,AdsMgGetWorkerThreadActivity,ADS,,
XSharp.RDD.DLL,AdsMgKillUser,ADS,,
XSharp.RDD.DLL,AdsMgResetCommStats,ADS,,
XSharp.RDD.DLL,AdsOpenIndex,ADS,,
XSharp.RDD.DLL,AdsOpenTable90,ADS,,
XSharp.RDD.DLL,AdsPackTable,ADS,,
XSharp.RDD.DLL,AdsRecallAllRecords,ADS,,
XSharp.RDD.DLL,AdsRecallRecord,ADS,,
XSharp.RDD.DLL,AdsRefreshAOF,ADS,,
XSharp.RDD.DLL,AdsRefreshRecord,ADS,,
XSharp.RDD.DLL,AdsRegisterCallbackFunction,ADS,,
XSharp.RDD.DLL,AdsReindex,ADS,,
XSharp.RDD.DLL,AdsResetConnection,ADS,,
XSharp.RDD.DLL,AdsRollbackTransaction,ADS,,
XSharp.RDD.DLL,AdsSeek,ADS,,
XSharp.RDD.DLL,AdsSeekLast,ADS,,
XSharp.RDD.DLL,AdsSetAOF,ADS,,
XSharp.RDD.DLL,AdsSetBinary,ADS,,
XSharp.RDD.DLL,AdsSetDateFormat,ADS,,
XSharp.RDD.DLL,AdsSetDecimals,ADS,,
XSharp.RDD.DLL,AdsSetDefault,ADS,,
XSharp.RDD.DLL,AdsSetDouble,ADS,,
XSharp.RDD.DLL,AdsSetEmpty,ADS,,
XSharp.RDD.DLL,AdsSetEpoch,ADS,,
XSharp.RDD.DLL,AdsSetExact,ADS,,
XSharp.RDD.DLL,AdsSetField,ADS,,
XSharp.RDD.DLL,AdsSetFilter,ADS,,
XSharp.RDD.DLL,AdsSetJulian,ADS,,
XSharp.RDD.DLL,AdsSetLogical,ADS,,
XSharp.RDD.DLL,AdsSetMilliseconds,ADS,,
XSharp.RDD.DLL,AdsSetMoney,ADS,,
XSharp.RDD.DLL,AdsSetNull,ADS,,
XSharp.RDD.DLL,AdsSetRelation,ADS,,
XSharp.RDD.DLL,AdsSetScope,ADS,,
XSharp.RDD.DLL,AdsSetSearchPath,ADS,,
XSharp.RDD.DLL,AdsSetServerType,ADS,,
XSharp.RDD.DLL,AdsSetShort,ADS,,
XSharp.RDD.DLL,AdsSetString,ADS,,
XSharp.RDD.DLL,AdsSetStringW,ADS,,
XSharp.RDD.DLL,AdsSetTime,ADS,Time,
XSharp.RDD.DLL,AdsSetTimeStamp,ADS,,
XSharp.RDD.DLL,AdsShowDeleted,ADS,,
XSharp.RDD.DLL,AdsSkip,ADS,,
XSharp.RDD.DLL,AdsSkipUnique,ADS,,
XSharp.RDD.DLL,AdsStmtClearTablePasswords,ADS,,
XSharp.RDD.DLL,AdsStmtDisableEncryption,ADS,,
XSharp.RDD.DLL,AdsStmtSetTableCharType,ADS,,
XSharp.RDD.DLL,AdsStmtSetTableCollation,ADS,,
XSharp.RDD.DLL,AdsStmtSetTableLockType,ADS,Locking,
XSharp.RDD.DLL,AdsStmtSetTablePassword,ADS,,
XSharp.RDD.DLL,AdsStmtSetTableReadOnly,ADS,,
XSharp.RDD.DLL,AdsStmtSetTableRights,ADS,,
XSharp.RDD.DLL,AdsStmtSetTableType,ADS,,
XSharp.RDD.DLL,AdsThreadExit,ADS,,
XSharp.RDD.DLL,AdsUnlockRecord,ADS,Locking,
XSharp.RDD.DLL,AdsUnlockTable,ADS,Locking,
XSharp.RDD.DLL,AdsWriteAllRecords,ADS,,
XSharp.RDD.DLL,AdsWriteRecord,ADS,,
XSharp.RDD.DLL,AdsZapTable,ADS,,
XSharp.VFP.DLL,AElement,Array,,
XSharp.RT.DLL,AEval,Array,Codeblock,
XSharp.RT.DLL,AEvalA,Array,Codeblock,
XSharp.RT.DLL,AEvalOld,Array,Codeblock,
XSharp.RT.DLL,AFields,Dbf,Array,
XSharp.RT.DLL,AFill,Array,,
XSharp.VFP.DLL,AGetFileVersion,Programming,,
XSharp.RT.DLL,AIns,Array,,
XSharp.VFP.DLL,AIns,Array,,
XSharp.RT.DLL,ALen,Array,,
XSharp.VFP.DLL,ALen,Array,,
XSharp.RT.DLL,Alias,Cursor,,
XSharp.RT.DLL,Alias0,Cursor,,
XSharp.RT.DLL,Alias0Sym,Cursor,,
XSharp.VFP.DLL,ALines,Array,,
VOGUIClasses.DLL,AllocUnicodeString,GUI,,
XSharp.Core.DLL,AllTrim,String,,
XSharp.VFP.DLL,AllTrim,String,,
XSharp.Core.DLL,AltD,Debug,,
XSharp.VFP.DLL,AMembers,Programming,,
XSharp.Core.DLL,AmPm,Time,,
XSharp.VFP.DLL,ANetResources,Programming,,
VOGUIClasses.DLL,AnimateWindow,GUI,,
XSharp.Core.DLL,Ansi2Oem,String,Conversion,
XSharp.Core.DLL,Ansi2OemA,String,Conversion,
XSharp.Core.DLL,Ansi2OemBuff,String,Conversion,
XSharp.RT.DLL,Ansi2OemBuff,String,Conversion,
VOGUIClasses.DLL,ApplicationExec,GUI,,
XSharp.VFP.DLL,APrinters,Printing,,
XSharp.RT.DLL,AReplicate,Array,,
XSharp.RT.DLL,Array,Array,,
XSharp.RT.DLL,ArrayBuild,Array,,
XSharp.RT.DLL,ArrayCreate,Array,,
XSharp.RT.DLL,ArrayDeProtect,Array,,
XSharp.RT.DLL,ArrayGet,Array,,
XSharp.RT.DLL,ArrayInit,Array,,
XSharp.RT.DLL,ArrayNew,Array,,
XSharp.RT.DLL,ArrayProtect,Array,,
XSharp.RT.DLL,ArrayPut,Array,,
XSharp.RT.DLL,ArrayStore,Array,,
XSharp.RT.DLL,ArraySwap,Array,,
XSharp.Core.DLL,Asc,String,Conversion,
XSharp.RT.DLL,AScan,Array,,
XSharp.RT.DLL,AScanBin,Array,,
XSharp.RT.DLL,AScanBinExact,Array,,
XSharp.RT.DLL,AScanExact,Array,,
XSharp.Core.DLL,AscW,String,Conversion,
XSharp.RT.DLL,ASend,Programming,,
XSharp.VFP.DLL,ASessions,Sql,,
XSharp.RT.DLL,AsHexString,String,Conversion,
XSharp.RT.DLL,ASin,Numeric,,
XSharp.RT.DLL,ASize,Array,,
XSharp.VFP.DLL,ASize,Array,,
XSharp.RT.DLL,ASort,Array,,
XSharp.RT.DLL,AsPadr,String,Conversion,
XSharp.VFP.DLL,ASqlHandles,Sql,,
XSharp.RT.DLL,AsString,String,,
XSharp.RT.DLL,AsSymbol,Conversion,Symbol,
XSharp.VFP.DLL,AStackInfo,Programming,,
XSharp.VFP.DLL,ASubScript,Array,,
XSharp.Core.DLL,At,String,,
XSharp.VFP.DLL,At,String,,
XSharp.VFP.DLL,At_C,String,,
XSharp.Core.DLL,At2,String,,
XSharp.Core.DLL,At3,String,,
XSharp.VFP.DLL,ATagInfo,Index,Array,
XSharp.RT.DLL,ATail,Array,,
XSharp.RT.DLL,ATan,Numeric,,
XSharp.RT.DLL,Atan2,Numeric,,
XSharp.Core.DLL,AtC,String,,
XSharp.VFP.DLL,AtC,String,,
XSharp.Core.DLL,AtC2,String,,
XSharp.VFP.DLL,AtCC,String,,
XSharp.Core.DLL,ATCLine,String,,
XSharp.Core.DLL,ATCLine2,String,,
XSharp.Core.DLL,ATLine,String,,
XSharp.Core.DLL,ATLine2,String,,
XSharp.RT.DLL,ATrueDel,Array,,
XSharp.VFP.DLL,AUsed,Dbf,Array,Programming
XSharp.RDD.DLL,AX_AXSLocking,ADS,Locking,
XSharp.RDD.DLL,AX_BLOB2File,ADS,,
XSharp.RDD.DLL,AX_File2BLOB,ADS,,
XSharp.RDD.DLL,AX_GetAceIndexHandle,ADS,,
XSharp.RDD.DLL,AX_GetAceStmtHandle,ADS,,
XSharp.RDD.DLL,AX_GetAceTableHandle,ADS,,
XSharp.RDD.DLL,AX_IsServerLoaded,ADS,,
XSharp.RDD.DLL,AX_PercentIndexed,ADS,,
XSharp.RDD.DLL,AX_RightsCheck,ADS,,
XSharp.RDD.DLL,AX_SetCollation,ADS,,
XSharp.RDD.DLL,AX_SetConnectionHandle,ADS,,
XSharp.RDD.DLL,AX_SetExactKeyPos,ADS,,
XSharp.RDD.DLL,AX_SetPassword,ADS,,
XSharp.RDD.DLL,AX_SetServerType,ADS,,
XSharp.RDD.DLL,AX_SetSQLTablePasswords,ADS,,
XSharp.RDD.DLL,AX_Transaction,ADS,,
XSharp.RDD.DLL,AX_UsingClientServer,ADS,,
VOInternetClasses.DLL,B64Decode,Internet,,
VOInternetClasses.DLL,B64DecodeString,Internet,,
XSharp.Core.DLL,B64EncFile,Encryption,,
VOInternetClasses.DLL,B64Encode,Internet,,
VOInternetClasses.DLL,B64EncodeStream,Internet,,
VOInternetClasses.DLL,B64EncodeString,Internet,,
XSharp.Core.DLL,B64EncString,Encryption,,
XSharp.VFP.DLL,BagCount,Dbf,,
XSharp.RT.DLL,Between,Programming,,
XSharp.RT.DLL,Bin2Date,Conversion,Date,
XSharp.Core.DLL,Bin2DW,Conversion,,
XSharp.RT.DLL,Bin2F,Conversion,,
XSharp.Core.DLL,Bin2I,Conversion,,
XSharp.Core.DLL,Bin2L,Conversion,,
XSharp.Core.DLL,Bin2Logic,Conversion,,
XSharp.RT.DLL,Bin2Logic,Conversion,,
XSharp.Core.DLL,Bin2Ptr,Conversion,,
XSharp.Core.DLL,Bin2Real4,Conversion,,
XSharp.Core.DLL,Bin2Real8,Conversion,,
XSharp.Core.DLL,Bin2W,Conversion,,
XSharp.VFP.DLL,BinToc,Conversion,,
XSharp.VFP.DLL,BitAnd,Binary,,
XSharp.VFP.DLL,BitClear,Binary,,
XSharp.VFP.DLL,BitLShift,Binary,,
XSharp.VFP.DLL,BitNot,Binary,,
XSharp.VFP.DLL,BitOr,Binary,,
XSharp.VFP.DLL,BitRShift,Binary,,
XSharp.VFP.DLL,BitSet,Binary,,
XSharp.VFP.DLL,BitTest,Binary,,
XSharp.VFP.DLL,BitXor,Binary,,
XSharp.RT.DLL,BLOBDirectExport,Blob,,
XSharp.RT.DLL,BLOBDirectGet,Blob,,
XSharp.RT.DLL,BLOBDirectImport,Blob,,
XSharp.RT.DLL,BLOBDirectPut,Blob,,
XSharp.RT.DLL,BLOBExport,Blob,,
XSharp.RT.DLL,BLOBGet,Blob,,
XSharp.RT.DLL,BLOBImport,Blob,,
XSharp.RT.DLL,BLOBRootGet,Blob,,
XSharp.RT.DLL,BLOBRootLock,Blob,Locking,
XSharp.RT.DLL,BLOBRootPut,Blob,,
XSharp.RT.DLL,BLOBRootUnlock,Blob,Locking,
XSharp.RT.DLL,Bof,Dbf,,
XSharp.Core.DLL,Buffer,String,,
XSharp.Core.DLL,C2Hex,Conversion,String,
XSharp.RT.DLL,CanBreak,Programming,,
XSharp.VFP.DLL,Candidate,Index,,
VOGUIClasses.DLL,CAPaintIsLoaded,GUI,,
VOGUIClasses.DLL,CAPaintLastError,GUI,,
VOGUIClasses.DLL,CAPaintLastErrorMsg,GUI,,
VOGUIClasses.DLL,CAPaintShowErrors,GUI,,
XSharp.VFP.DLL,CapsLock,Programming,,
XSharp.RT.DLL,CDoW,Date,Conversion,String
XSharp.VFP.DLL,Cdx,Index,,
XSharp.RT.DLL,Ceil,Numeric,,
XSharp.VFP.DLL,Ceiling,Numeric,,
XSharp.Core.DLL,CharEven,String,,
XSharp.Core.DLL,CharMix,String,,
XSharp.Core.DLL,CharOdd,String,,
XSharp.Core.DLL,CharPos,String,,
VOInternetClasses.DLL,CharSetFromContentType,Internet,,
VOInternetClasses.DLL,CheckHostIP,Internet,,
XSharp.RT.DLL,CheckInstanceOf,Programming,Metadata,
XSharp.Core.DLL,Chr,String,Conversion,
XSharp.Core.DLL,ChrA,Conversion,,
XSharp.VFP.DLL,ChrTran,String,,
XSharp.VFP.DLL,ChrTranC,String,,
XSharp.Core.DLL,ChrW,String,Conversion,
XSharp.RT.DLL,ClassCount,Programming,Metadata,
XSharp.XPP.DLL,ClassCreate,Programming,Metadata,
XSharp.XPP.DLL,ClassDestroy,Programming,Metadata,
XSharp.RT.DLL,ClassList,Programming,Metadata,
XSharp.RT.DLL,ClassName,Programming,Metadata,
XSharp.XPP.DLL,ClassObject,Programming,Metadata,
XSharp.RT.DLL,ClassTree,Programming,Metadata,
XSharp.RT.DLL,ClassTreeClass,Programming,Metadata,
VOGUIClasses.DLL,CloseThemeData,GUI,,
XSharp.RT.DLL,cls,Terminal,,
XSharp.RT.DLL,CMonth,Date,Conversion,String
XSharp.RT.DLL,CMYK,GDI,,
XSharp.RT.DLL,Col,Terminal,,
XSharp.VFP.DLL,CompObj,Programming,,
XSharp.RT.DLL,ConcatAtom,Symbol,,
XSharp.RT.DLL,ConcatAtom3,Symbol,,
XSharp.RT.DLL,ConcatAtom4,Symbol,,
XSharp.RT.DLL,ConcatAtom5,Symbol,,
XSharp.RT.DLL,ConDate,Date,Conversion,
XSharp.Core.DLL,ConDateTime,DateTime,,
XSharp.Core.DLL,ConTime,Time,,
VOInternetClasses.DLL,ConvertFromCodePageToCodePage,Internet,,
XSharp.RT.DLL,Cos,Numeric,,
XSharp.RT.DLL,Cot,Numeric,,
XSharp.RT.DLL,CParamCount,Programming,,
XSharp.VFP.DLL,CpConvert,International,,
XSharp.VFP.DLL,CpDbf,International,,
XSharp.RT.DLL,CreateInstance,Programming,Metadata,
XSharp.VFP.DLL,CreateObject,Programming,Metadata,
XSharp.VFP.DLL,CreateObjectEx,Programming,Metadata,
XSharp.VFP.DLL,CreateOffline,Cursor,,
XSharp.VO.DLL,Crypt,String,,
XSharp.VO.DLL,CryptA,String,,
XSharp.VO.DLL,CryptRaw,String,,
XSharp.RT.DLL,CSend,Programming,Metadata,
XSharp.VFP.DLL,CToBin,Conversion,Numeric,
XSharp.RT.DLL,CToD,Date,Conversion,
XSharp.RT.DLL,CToDAnsi,Date,Conversion,
XSharp.Core.DLL,CToDt,DateTime,Conversion,
XSharp.Core.DLL,CToDtAnsi,DateTime,Conversion,
XSharp.Core.DLL,CTOL,String,Conversion,
XSharp.VFP.DLL,CToT,String,Conversion,
XSharp.Core.DLL,CurDir,Disk,,
XSharp.Core.DLL,CurDrive,Disk,,
XSharp.VFP.DLL,CursorGetProp,Cursor,,
XSharp.VFP.DLL,CursorSetProp,Cursor,,
XSharp.VFP.DLL,CursorToXML,Cursor,,
XSharp.VFP.DLL,CurVal,Dbf,,
XSharp.RT.DLL,Date,Date,,
XSharp.RT.DLL,Date2Bin,Date,Conversion,
XSharp.Core.DLL,DateTime,DateTime,,
XSharp.RT.DLL,Day,Date,,
XSharp.Core.DLL,Days,Date,,
XSharp.VFP.DLL,DbAlias,Dbf,,
XSharp.RT.DLL,DbApp,Dbf,,
XSharp.RT.DLL,DbAppDelim,Dbf,,
XSharp.VFP.DLL,DbAppDelimFox,Dbf,,
XSharp.RT.DLL,DbAppend,Dbf,,
XSharp.VFP.DLL,DbAppendFromArray,Dbf,,
XSharp.VFP.DLL,DbAppFox,Dbf,,
XSharp.RT.DLL,DbAppSdf,Dbf,,
XSharp.RT.DLL,DbAutoLock,Dbf,Locking,
XSharp.RT.DLL,DbAutoUnLock,Dbf,Locking,
XSharp.RT.DLL,DbBlobInfo,Dbf,Blob,
XSharp.RT.DLL,DbBuffRefresh,Dbf,,
XSharp.VFP.DLL,Dbc,DBC,,
XSharp.XPP.DLL,DbCargo,Dbf,,
XSharp.RT.DLL,DbClearFilter,Dbf,,
XSharp.RT.DLL,DbClearIndex,Dbf,,
XSharp.RT.DLL,DBClearOrderCondition,Dbf,,
XSharp.RT.DLL,DbClearRelation,Dbf,,
XSharp.RT.DLL,DbClearScope,Dbf,,
XSharp.RT.DLL,DbCloseAll,Dbf,,
XSharp.RT.DLL,DbCloseArea,Dbf,,
XSharp.RT.DLL,DbCommit,Dbf,,
XSharp.RT.DLL,DbCommitAll,Dbf,,
XSharp.RT.DLL,DbContinue,Dbf,,
XSharp.RT.DLL,DbCopy,Dbf,,
XSharp.RT.DLL,DbCopyDelim,Dbf,,
XSharp.VFP.DLL,DbCopyDelimFox,Dbf,,
XSharp.VFP.DLL,DbCopyFox,Dbf,,
XSharp.RT.DLL,DbCopySDF,Dbf,,
XSharp.RT.DLL,DbCopyStruct,Dbf,,
XSharp.VFP.DLL,DbCopyToArray,Dbf,,
XSharp.RT.DLL,DbCopyXStruct,Dbf,,
XSharp.RT.DLL,DbCreate,Dbf,,
XSharp.RT.DLL,DbCreateIndex,Dbf,,
XSharp.RT.DLL,DbCreateOrder,Dbf,,
XSharp.Data.DLL,DbDataSource,Dbf,,
XSharp.Data.DLL,DbDataTable,Dbf,,
XSharp.RT.DLL,DbDelete,Dbf,,
XSharp.RT.DLL,DbDeleteOrder,Dbf,,
XSharp.XPP.DLL,DbDescend,Dbf,,
XSharp.RT.DLL,DbDriver,Dbf,,
XSharp.RT.DLL,DbEval,Dbf,Codeblock,
XSharp.RT.DLL,DBF,Dbf,,
XSharp.RDD.DLL,DBFAXSAdsBeginTransaction,ADS,,
XSharp.RDD.DLL,DBFAXSAdsBinaryToFile,ADS,,
XSharp.RDD.DLL,DBFAXSAdsCommitTransaction,ADS,,
XSharp.RDD.DLL,DBFAXSAdsDisableEncryption,ADS,,
XSharp.RDD.DLL,DBFAXSAdsEnableEncryption,ADS,,
XSharp.RDD.DLL,DBFAXSAdsFileToBinary,ADS,,
XSharp.RDD.DLL,DBFAXSAdsFindConnection,ADS,,
XSharp.RDD.DLL,DBFAXSAdsGetConnectionType,ADS,,
XSharp.RDD.DLL,DBFAXSAdsInTransaction,ADS,,
XSharp.RDD.DLL,DBFAXSAdsIsServerLoaded,ADS,,
XSharp.RDD.DLL,DBFAXSAdsRollbackTransaction,ADS,,
XSharp.RDD.DLL,DBFAXSAdsSetServerType,ADS,,
XSharp.RT.DLL,DbFieldInfo,Dbf,,
XSharp.RT.DLL,DBFileCopy,Dbf,,
XSharp.RT.DLL,DbFilter,Dbf,,
VORDDClasses.DLL,DbGetDefaultLockMode,RDD,Locking,
XSharp.VORDDClasses.DLL,DbGetDefaultLockMode,Locking,,
XSharp.VFP.DLL,DbGetProp,DBC,,
XSharp.RT.DLL,DbGetSelect,Dbf,,
XSharp.RT.DLL,DbGoBottom,Dbf,,
XSharp.RT.DLL,DbGoto,Dbf,,
XSharp.RT.DLL,DbGoTop,Dbf,,
XSharp.RT.Debugger.DLL,DbgShowGlobals,Debug,,
XSharp.RT.Debugger.DLL,DbgShowMemvars,Debug,,
XSharp.RT.Debugger.DLL,DbgShowSettings,Debug,,
XSharp.RT.Debugger.DLL,DbgShowWorkAreas,Debug,,
XSharp.RT.DLL,DbInfo,Dbf,,
XSharp.RT.DLL,DbJoin,Dbf,,
XSharp.RT.DLL,DbJoinAppend,Dbf,,
XSharp.RT.DLL,DbLocate,Dbf,,
XSharp.RT.DLL,DbMemoExt,Dbf,,
XSharp.RT.DLL,DbMemoField,Dbf,,
XSharp.RT.DLL,DbOrderInfo,Dbf,,
XSharp.RT.DLL,DbPack,Dbf,,
XSharp.RT.DLL,DbRecall,Dbf,,
XSharp.RT.DLL,DbRecordInfo,Dbf,,
XSharp.Core.DLL,DbRegisterClient,Dbf,,
XSharp.RT.DLL,DbReindex,Dbf,,
XSharp.RT.DLL,DbRelation,Dbf,,
XSharp.RT.DLL,DbRLock,Dbf,Locking,
XSharp.RT.DLL,DbRLockList,Dbf,Locking,
XSharp.RT.DLL,DbRSelect,Dbf,,
XSharp.RT.DLL,DbRUnLock,Dbf,Locking,
XSharp.RT.DLL,DbScope,Dbf,,
XSharp.RT.DLL,DbSeek,Dbf,,
XSharp.RT.DLL,DbSelect,Dbf,,
XSharp.RT.DLL,DbSelectArea,Dbf,,
VORDDClasses.DLL,DbSetDefaultLockMode,RDD,Locking,
XSharp.VORDDClasses.DLL,DbSetDefaultLockMode,RDD,Locking,
XSharp.XPP.DLL,DbSetDescend,Dbf,,
XSharp.RT.DLL,DbSetDriver,Dbf,,
XSharp.RT.DLL,DbSetFilter,Dbf,,
XSharp.RT.DLL,DbSetFound,Dbf,,
XSharp.RT.DLL,DbSetIndex,Dbf,,
XSharp.RT.DLL,DbSetOrder,Dbf,,
XSharp.RT.DLL,DbSetOrderCondition,Dbf,,
XSharp.VFP.DLL,DbSetProp,DBC,,
XSharp.RT.DLL,DbSetRelation,Dbf,,
VORDDClasses.DLL,DbSetRestoreWorkarea,Dbf,,
XSharp.VORDDClasses.DLL,DbSetRestoreWorkarea,Dbf,,
XSharp.RT.DLL,DbSetScope,Dbf,,
XSharp.RT.DLL,DbSetSelect,Dbf,,
XSharp.RT.DLL,DbSkip,Dbf,,
XSharp.RT.DLL,DbSort,Dbf,,
XSharp.VFP.DLL,DbSort,Dbf,,
XSharp.VFP.DLL,DbSortFox,Dbf,,
XSharp.RT.DLL,DbStruct,Dbf,,
XSharp.RT.DLL,DbSymSelect,Dbf,,
XSharp.Data.DLL,DbTableSave,Dbf,,
XSharp.RT.DLL,DbTotal,Dbf,,
XSharp.RT.DLL,DbTrans,Dbf,,
XSharp.RT.DLL,DbUnLock,Dbf,Locking,
XSharp.RT.DLL,DbUnLockAll,Dbf,Locking,
XSharp.Core.DLL,DbUnRegisterClient,Dbf,,
XSharp.RT.DLL,DbUpdate,Dbf,,
XSharp.RT.DLL,DbUseArea,Dbf,,
XSharp.VFP.DLL,DbUsed,Dbf,,
XSharp.RT.DLL,DbZap,Dbf,,
XSharp.RT.DLL,DebOut,Debug,,
XSharp.Core.DLL,DebOut32,Debug,,
XSharp.Core.DLL,DecodeBase64,Encryption,,
VOInternetClasses.DLL,DecodeMailTimeStamp,Internet,,
XSharp.RT.DLL,Default,Programming,,
XSharp.VFP.DLL,DefaultExt,File,,
XSharp.RT.DLL,Deleted,Dbf,,
XSharp.VO.DLL,DeleteRTRegKey,Registry,,
XSharp.RT.DLL,Descend,String,,
XSharp.RT.DLL,DescendA,String,,
XSharp.VFP.DLL,Descending,Index,,
VOGUIClasses.DLL,DIBCreateFromFile,GUI,,
VOGUIClasses.DLL,DIBCreateFromPTR,GUI,,
VOGUIClasses.DLL,DIBDelete,GUI,,
VOGUIClasses.DLL,DIBGetInfo,GUI,,
VOGUIClasses.DLL,DIBSaveAs,GUI,,
VOGUIClasses.DLL,DIBShow,GUI,,
VOGUIClasses.DLL,DIBStretch,GUI,,
XSharp.VFP.DLL,Difference,String,Programming,
XSharp.Core.DLL,DirChange,Disk,,
XSharp.RT.DLL,DirChange,Disk,,
XSharp.RT.DLL,Directory,Disk,,
XSharp.Core.DLL,DirMake,Disk,,
XSharp.RT.DLL,DirMake,Disk,,
XSharp.Core.DLL,DirRemove,Disk,,
XSharp.RT.DLL,DirRemove,Disk,,
XSharp.Core.DLL,DiskChange,Disk,,
XSharp.RT.DLL,DiskChange,Disk,,
XSharp.Core.DLL,DiskFree,Disk,,
XSharp.Core.DLL,DiskName,Disk,,
XSharp.Core.DLL,DiskSpace,Disk,,
XSharp.VFP.DLL,DisplayPath,File,,
XSharp.VFP.DLL,DMY,Date,String,
XSharp.RT.DLL,DoError,Error,,
XSharp.VO.DLL,DoSendMail,Programming,,
XSharp.Core.DLL,DosError,Error,,
XSharp.Core.DLL,DosErrString,Error,,
XSharp.VOSQLClasses.DLL,DotNetType2VOType,SQL,,
XSharp.RT.DLL,DoW,Date,Conversion,
VOGUIClasses.DLL,DragAcceptFiles,GUI,,
VOGUIClasses.DLL,DragFinish,GUI,,
VOGUIClasses.DLL,DragObject,GUI,,
VOGUIClasses.DLL,DragQueryFile,GUI,,
VOGUIClasses.DLL,DrawThemeBackground,GUI,,
VOGUIClasses.DLL,DrawThemeEdge,GUI,,
VOGUIClasses.DLL,DrawThemeParentBackground,GUI,,
XSharp.VFP.DLL,DriveType,Disk,,
XSharp.VFP.DLL,DropOffLine,Cursor,,
XSharp.RT.DLL,DToC,Date,String,Conversion
VOSQLClasses.DLL,DToCSQL,SQL,Conversion,
XSharp.VOSQLClasses.DLL,DToCSQL,SQL,Conversion,
XSharp.RT.DLL,DToR,Numeric,Conversion,
XSharp.RT.DLL,DToS,Date,String,Conversion
XSharp.VFP.DLL,DToT,DateTime,Date,Conversion
XSharp.Core.DLL,DtToC,DateTime,String,Conversion
XSharp.Core.DLL,DtToS,DateTime,String,Conversion
XSharp.Core.DLL,DW2Bin,Numeric,Conversion,String
XSharp.Core.DLL,ElapTime,Time,,
XSharp.RT.DLL,Empty,Programming,,
XSharp.RT.DLL,EmptyField,Programming,,
XSharp.RT.DLL,EmptyPSZ,Programming,,
XSharp.RT.DLL,EmptyRecord,Programming,,
XSharp.RT.DLL,EmptyString,Programming,,
XSharp.RT.DLL,EmptyUsual,Programming,,
VOGUIClasses.DLL,Enable3dControls,GUI,,
VOGUIClasses.DLL,EnableAppVisualTheme,GUI,,
XSharp.RT.DLL,EnableArrayIndexCheck,Programming,,
XSharp.RT.DLL,EnableLBOptimizations,Programming,,
VOGUIClasses.DLL,EnableThemeDialogTexture,GUI,,
XSharp.Core.DLL,EncodeBase64,String,Conversion,
XSharp.RT.DLL,EnforceNumeric,Programming,,
XSharp.RT.DLL,EnforceType,Programming,,
XSharp.RT.DLL,Eof,Dbf,,
XSharp.RT.DLL,ErrorBlock,Error,,
XSharp.Core.DLL,ErrorBuild,Error,,
XSharp.VO.DLL,ErrorDialog,Error,,
XSharp.RT.DLL,ErrorExec,Error,,
XSharp.Core.DLL,ErrorLevel,Error,,
XSharp.Core.DLL,ErrorStack,Error,,
XSharp.RT.DLL,ErrorSys,Error,,
XSharp.Core.DLL,ErrString,Error,,
XSharp.RT.DLL,Eval,Programming,Codeblock,
XSharp.RT.DLL,Evaluate,Programming,Codeblock,
XSharp.VFP.DLL,EVL,Programming,,
XSharp.Core.DLL,ExecName,Programming,,
XSharp.RT.DLL,ExecScript,Programming,Macro,
XSharp.RT.DLL,ExecScriptFast,Programming,Macro,
XSharp.RT.DLL,Exp,Numeric,,
XSharp.RT.DLL,F2Bin,Numeric,String,Conversion
XSharp.RT.DLL,Fact,Numeric,,
XSharp.Core.DLL,FAttr2String,File,,
XSharp.Core.DLL,FAttrib,File,,
XSharp.Core.DLL,FChSize,File,,
XSharp.Core.DLL,FClose,File,,
XSharp.Core.DLL,FCommit,File,,
XSharp.Core.DLL,FConvertToFileStream,File,,
XSharp.Core.DLL,FConvertToMemoryStream,File,,
XSharp.Core.DLL,FCopy,File,,
XSharp.RT.DLL,FCount,File,,
XSharp.Core.DLL,FCreate,File,,
XSharp.Core.DLL,FCreate2,File,,
XSharp.Core.DLL,FDate,File,,
XSharp.Core.DLL,FEof,File,,
XSharp.Core.DLL,FErase,File,,
XSharp.Core.DLL,FError,File,,
XSharp.Core.DLL,FException,File,,
XSharp.Core.DLL,FFCount,File,,
XSharp.Core.DLL,FFirst,File,,
XSharp.Core.DLL,FFLock,File,Locking,
XSharp.Core.DLL,FFLock64,File,Locking,
XSharp.Core.DLL,FFlush,File,,
XSharp.Core.DLL,FFUnLock,File,Locking,
XSharp.Core.DLL,FFUnLock64,File,Locking,
XSharp.Core.DLL,FGetBuffer,File,,
XSharp.Core.DLL,FGetFileName,File,,
XSharp.Core.DLL,FGetS,File,,
XSharp.Core.DLL,FGetS2,File,,
XSharp.Core.DLL,FGetStream,File,,
XSharp.VFP.DLL,Field,Dbf,,
XSharp.RT.DLL,FieldBlock,Dbf,Codeblock,
XSharp.RT.DLL,FieldBlockSym,Dbf,Codeblock,Symbol
XSharp.RT.DLL,FieldGet,Dbf,,
XSharp.RT.DLL,FieldGetAlias,Dbf,,
XSharp.RT.DLL,FieldGetArea,Dbf,,
XSharp.RT.DLL,FieldGetBytes,Dbf,,
XSharp.RT.DLL,FieldGetSelect,Dbf,,
XSharp.RT.DLL,FieldGetSym,Dbf,Symbol,
XSharp.RT.DLL,FieldName,Dbf,,
XSharp.RT.DLL,FieldPos,Dbf,,
XSharp.RT.DLL,FieldPosSym,Dbf,Symbol,
XSharp.RT.DLL,FieldPut,Dbf,,
XSharp.RT.DLL,FieldPutAlias,Dbf,,
XSharp.RT.DLL,FieldPutArea,Dbf,,
XSharp.RT.DLL,FieldPutBytes,Dbf,,
XSharp.RT.DLL,FieldPutSelect,Dbf,,
XSharp.RT.DLL,FieldPutSym,Dbf,Symbol,
XSharp.RT.DLL,FieldSym,Dbf,,
XSharp.RT.DLL,FieldWBlock,Dbf,Codeblock,
XSharp.RT.DLL,FieldWBlockSym,Dbf,Codeblock,
XSharp.Core.DLL,File,File,,
XSharp.VFP.DLL,FileToStr,File,String,
XSharp.VFP.DLL,Filter,Dbf,,
XSharp.RT.DLL,FindClass,Programming,,
XSharp.VFP.DLL,FldCount,Dbf,,
XSharp.VFP.DLL,FldList,Dbf,,
XSharp.RT.DLL,Float2Long,Numeric,Conversion,
XSharp.RT.DLL,FloatFormat,Numeric,,
XSharp.RT.DLL,Flock,Dbf,Locking,
XSharp.RT.DLL,Floor,Numeric,,
XSharp.Core.DLL,FName,File,,
XSharp.Core.DLL,FNext,File,,
XSharp.VFP.DLL,FontMetric,Programming,GDI,
XSharp.Core.DLL,FOpen,File,,
XSharp.Core.DLL,FOpen2,File,,
XSharp.VFP.DLL,For,Index,,
XSharp.VFP.DLL,ForceExt,File,Programming,
XSharp.VFP.DLL,ForcePath,File,Programming,
XSharp.RT.DLL,Found,Dbf,,
XSharp.RT.DLL,FParamCount,Programming,Metadata,
XSharp.Core.DLL,FPathName,File,String,
XSharp.Core.DLL,FPutS,File,,
XSharp.Core.DLL,FPutS3,File,,
XSharp.RT.DLL,Frac,Numeric,,
XSharp.Core.DLL,FRead,File,,
XSharp.RT.DLL,FRead,File,,
XSharp.Core.DLL,FRead3,File,,
XSharp.RT.DLL,FRead3,File,,
XSharp.Core.DLL,FRead4,File,,
XSharp.RT.DLL,FRead4,File,,
XSharp.Core.DLL,FReadLine,File,,
XSharp.RT.DLL,FReadLine,File,,
XSharp.Core.DLL,FReadLine2,File,,
XSharp.Core.DLL,FReadStr,File,,
XSharp.Core.DLL,FReadText,File,,
XSharp.Core.DLL,FReadText3,File,,
XSharp.RT.DLL,FReadText3,File,,
VOGUIClasses.DLL,FreeCAPaint,GUI,,
XSharp.Core.DLL,FRename,File,,
XSharp.Core.DLL,FRewind,File,,
XSharp.RT.DLL,FSeek,File,,
XSharp.Core.DLL,FSeek3,File,,
XSharp.Core.DLL,FSize,File,,
XSharp.Core.DLL,FTell,File,,
XSharp.Core.DLL,FTell64,File,,
XSharp.Core.DLL,FTime,File,Time,
XSharp.VFP.DLL,FullPath,File,String,
XSharp.VFP.DLL,FV,Numeric,,
XSharp.Core.DLL,FWrite,File,,
XSharp.RT.DLL,FWrite,File,,
XSharp.Core.DLL,FWrite3,File,,
XSharp.RT.DLL,FWrite3,File,,
XSharp.Core.DLL,FWrite4,File,,
XSharp.Core.DLL,FWriteLine,File,,
XSharp.RT.DLL,FWriteLine,File,,
XSharp.Core.DLL,FWriteLine3,File,,
XSharp.RT.DLL,FWriteText,File,,
XSharp.Core.DLL,FWriteText3,File,,
VOGUIClasses.DLL,Get__WCControlProcPtr,GUI,,
XSharp.RDD.DLL,GetAceIndexHandle,ADS,,
XSharp.RDD.DLL,GetAceTableHandle,ADS,,
XSharp.Core.DLL,GetAMExt,Settings,,
XSharp.Core.DLL,GetAmPm,Settings,,
XSharp.Core.DLL,GetAnsi,Settings,,
XSharp.VO.DLL,GetAppLocaleID,Settings,International,
VOGUIClasses.DLL,GetAppObject,GUI,,
XSharp.VFP.DLL,GetAutoIncValue,Settings,,
XSharp.RT.DLL,GetBValue,GDI,,
XSharp.Core.DLL,GetChunkBase64,Settings,,
XSharp.RT.DLL,GetColor,Settings,GDI,
XSharp.VFP.DLL,GetColor,Dialog,GDI,
XSharp.VFP.DLL,GetCp,Settings,International,
XSharp.Core.DLL,GetCurPath,Settings,,
XSharp.VFP.DLL,GetCursorAdapter,Settings,,
XSharp.Core.DLL,GetCursorProperty,Cursor,,
XSharp.RT.DLL,GetCValue,GDI,,
XSharp.Core.DLL,GetDateFormat,Settings,,
XSharp.Core.DLL,GetDefault,Settings,,
XSharp.Core.DLL,GetDefaultDir,Settings,,
XSharp.VFP.DLL,GetDir,Dialog,Disk,
XSharp.Core.DLL,GetDosError,Settings,,
XSharp.Core.DLL,GetEnv,Settings,,
XSharp.Core.DLL,GetFAttr,Settings,,
XSharp.VFP.DLL,GetFile,Settings,File,
XSharp.VFP.DLL,GetFldState,Settings,,
XSharp.Core.DLL,GetFMask,Settings,,
VOGUIClasses.DLL,GetFocusedObject,GUI,,
XSharp.VFP.DLL,GetFont,Dialog,GDI,
VOGUIClasses.DLL,GetFrameWidth,GUI,,
XSharp.RT.DLL,GetGValue,GDI,,
VOInternetClasses.DLL,GetHostByIP,Internet,,
VOInternetClasses.DLL,GetIPAddress,Internet,,
XSharp.RT.DLL,GetKValue,GDI,,
XSharp.Core.DLL,GetMacroCompiler,Macro,,
VOInternetClasses.DLL,GetMailTimeStamp,Internet,,
XSharp.VO.DLL,GetMimeType,Settings,,
XSharp.Core.DLL,GetMimType,Settings,,
XSharp.RT.DLL,GetMValue,GDI,,
XSharp.Core.DLL,GetNatDLL,Settings,International,
XSharp.VFP.DLL,GetNextModified,Settings,,
XSharp.VFP.DLL,GetObject,Programming,,
VOGUIClasses.DLL,GetObjectByHandle,GUI,,
XSharp.Core.DLL,GetPartialEnumName,Support,,
XSharp.VFP.DLL,GetPict,Dialog,GDI,
XSharp.Core.DLL,GetPMExt,Settings,,
XSharp.VFP.DLL,GetPrinter,Dialog,Printing,
XSharp.VFP.DLL,GetResultSet,Dbf,,
XSharp.RT.DLL,GetRTFullPath,Settings,,
XSharp.RT.DLL,GetRValue,GDI,,
XSharp.Data.DLL,GetSqlFactory,SQL,,
XSharp.Core.DLL,GetSQLProperty,SQL,,
VOGUIClasses.DLL,GetThemeAppProperties,GUI,,
XSharp.RT.DLL,GetThreadCount,Settings,,
XSharp.RT.DLL,GetTickCountLow,Time,,
XSharp.Core.DLL,GetTimeSep,Settings,Time,
XSharp.Core.DLL,GetTimeZoneDiff,Settings,Time,
VOInternetClasses.DLL,GetUseNetMsgID,Internet,,
VOGUIClasses.DLL,GetWindowTheme,GUI,,
XSharp.VFP.DLL,GetWordCount,String,Programming,
XSharp.VFP.DLL,GetWordNum,String,Programming,
XSharp.Core.DLL,GetYield,Settings,,
XSharp.RT.DLL,GetYValue,GDI,,
XSharp.VFP.DLL,GoMonth,Date,,
VOGUIClasses.DLL,GUIExit,GUI,,
XSharp.Core.DLL,HardCR,Memo,,
XSharp.RT.DLL,Header,Dbf,,
XSharp.Core.DLL,Hex2C,String,Conversion,
XSharp.Core.DLL,HiByte,Numeric,,
XSharp.Core.DLL,HiWord,Numeric,,
VOInternetClasses.DLL,HostName,Internet,,
XSharp.VFP.DLL,Hour,Time,,
XSharp.Core.DLL,I2Bin,Numeric,Conversion,String
XSharp.VFP.DLL,ICase,Programming,,
XSharp.VFP.DLL,Id,Dbf,,
XSharp.VFP.DLL,IdxCollate,Index,,
VOInternetClasses.DLL,IFXFtpFindFirstFile,Internet,,
VOInternetClasses.DLL,IFXInternetFindNextFile,Internet,,
XSharp.VFP.DLL,ImeStatus,Programming,International,
XSharp.VFP.DLL,InDbc,DBC,,
XSharp.RT.DLL,IndexCount,Index,,
XSharp.RT.DLL,IndexExt,Index,,
XSharp.RT.DLL,IndexHPLock,Index,,
XSharp.RT.DLL,IndexKey,Index,,
XSharp.RT.DLL,IndexOrd,Index,,
XSharp.VFP.DLL,IndexSeek,Index,,
XSharp.XPP.DLL,InitCollation,International,,
VOGUIClasses.DLL,InitCommonControlsEx,GUI,,
XSharp.XPP.DLL,InitDateCountry,International,Date,DateTime
VOGUIClasses.DLL,InitializeCAPaint,GUI,,
XSharp.VO.DLL,InitializeErrorDialogHandler,Error,,
XSharp.RT.DLL,InList,Programming,,
XSharp.RT.DLL,InListExact,Programming,,
XSharp.VFP.DLL,InputBox,Programming,Dialog,
XSharp.VFP.DLL,InsMode,Programming,,
XSharp.Core.DLL,Instr,String,,
XSharp.RT.DLL,Integer,Numeric,,
VOInternetClasses.DLL,INTStatusCallback,Internet,,
XSharp.RT.DLL,IsAccess,Programming,Metadata,
XSharp.Core.DLL,IsAlNum,Programming,String,
XSharp.Core.DLL,IsAlpha,Programming,String,
XSharp.Core.DLL,IsAlphaNum,Programming,String,
VOGUIClasses.DLL,IsAltPressed,GUI,,
VOGUIClasses.DLL,IsAppThemed,GUI,,
XSharp.RT.DLL,IsArray,Usual,Programming,
XSharp.RT.DLL,IsAssign,Programming,Metadata,
XSharp.Core.DLL,IsBDigit,Programming,,
XSharp.RT.DLL,IsBinary,Usual,Numeric,Programming
XSharp.VFP.DLL,IsBlank,Usual,,
XSharp.RT.DLL,IsByRef,Usual,Programming,
XSharp.RT.DLL,IsClass,Programming,Metadata,
XSharp.RT.DLL,IsClassOf,Programming,Metadata,
XSharp.RT.DLL,IsCodeBlock,Usual,Programming,Codeblock
XSharp.VFP.DLL,IsColor,Programming,,
VOGUIClasses.DLL,IsControlPressed,GUI,,
VOGUIClasses.DLL,IsCtl3dEnabled,GUI,,
XSharp.RT.DLL,IsCurrency,Usual,Numeric,Programming
XSharp.RT.DLL,IsDate,Usual,Date,Programming
XSharp.RT.DLL,IsDateTime,Usual,DateTime,Programming
XSharp.RT.DLL,IsDecimal,Usual,Numeric,Programming
XSharp.Core.DLL,IsDigit,Programming,,
XSharp.VFP.DLL,IsExclusive,Programming,,
XSharp.RT.DLL,IsFloat,Usual,Numeric,Programming
XSharp.VFP.DLL,IsFlocked,Programming,,
XSharp.RT.DLL,IsFractional,Programming,Numeric,
XSharp.RT.DLL,IsInstanceOf,Programming,Metadata,
XSharp.RT.DLL,IsInstanceOfUsual,Programming,Metadata,
XSharp.RT.DLL,IsInt64,Programming,Numeric,
XSharp.RT.DLL,IsInteger,Programming,Numeric,
XSharp.RT.DLL,IsLogic,Usual,Programming,
XSharp.RT.DLL,IsLong,Usual,Programming,Numeric
XSharp.Core.DLL,IsLower,Programming,String,
XSharp.XPP.DLL,IsMemberVar,Programming,Metadata,
XSharp.VFP.DLL,IsMemoFetched,Programming,,
XSharp.RT.DLL,IsMethod,Programming,Metadata,
XSharp.RT.DLL,IsMethodClass,Programming,Metadata,
XSharp.RT.DLL,IsMethodUsual,Programming,Metadata,
XSharp.VFP.DLL,IsMouse,Programming,,
XSharp.RT.DLL,IsNil,Usual,Programming,
XSharp.VFP.DLL,IsNull,Programming,,
XSharp.RT.DLL,IsNumeric,Usual,Numeric,Programming
XSharp.RT.DLL,IsObject,Usual,Programming,
XSharp.VFP.DLL,IsPen,Programming,,
XSharp.RT.DLL,IsPtr,Programming,,
XSharp.VFP.DLL,IsReadOnly,Programming,,
XSharp.VFP.DLL,IsRlocked,Programming,,
XSharp.Core.DLL,IsRunningOnWindows,Programming,,
VOGUIClasses.DLL,IsShiftPressed,GUI,,
XSharp.Core.DLL,IsSpace,Programming,String,
XSharp.RT.DLL,IsString,Programming,String,
XSharp.RT.DLL,IsSymbol,Programming,Symbol,
VOGUIClasses.DLL,IsThemeEnabled,GUI,,
VOGUIClasses.DLL,IsThemeSupported,GUI,,
XSharp.VFP.DLL,IsTransactable,Programming,,
XSharp.Core.DLL,IsUpper,Programming,String,
XSharp.Core.DLL,IsXDigit,Programming,,
XSharp.RT.DLL,IVarGet,Programming,Metadata,
XSharp.RT.DLL,IVarGetInfo,Programming,Metadata,
XSharp.RT.DLL,IVarGetSelf,Programming,Metadata,
XSharp.RT.DLL,IvarList,Programming,Metadata,
XSharp.RT.DLL,IvarListClass,Programming,Metadata,
XSharp.RT.DLL,IVarPut,Programming,Metadata,
XSharp.RT.DLL,IVarPutInfo,Programming,Metadata,
XSharp.RT.DLL,IVarPutSelf,Programming,Metadata,
XSharp.RT.DLL,JCDOW,International,Programming,
XSharp.RT.DLL,JCMONTH,International,Programming,
XSharp.RT.DLL,JCYEAR,International,Programming,
XSharp.VFP.DLL,JustDrive,Disk,,
XSharp.VFP.DLL,JustExt,Disk,,
XSharp.VFP.DLL,JustFName,Disk,,
XSharp.VFP.DLL,JustPath,Disk,,
XSharp.VFP.DLL,JustStem,Disk,,
XSharp.VFP.DLL,Key,Index,,
XSharp.VFP.DLL,KeyMatch,Index,,
XSharp.Core.DLL,L2Bin,Numeric,String,Conversion
XSharp.RT.DLL,LastRec,Dbf,,
XSharp.Core.DLL,Left,String,,
XSharp.VFP.DLL,LeftC,String,,
XSharp.RT.DLL,Len,String,Numeric,
XSharp.VFP.DLL,LenC,String,International,
VOInternetClasses.DLL,LibInit,Internet,,
XSharp.Core.DLL,Like,String,,
XSharp.VFP.DLL,LikeC,String,,
XSharp.VFP.DLL,LineNo,Programming,,
XSharp.VFP.DLL,LoadPicture,Dialog,,
XSharp.VO.DLL,LoadResString,Programming,String,
XSharp.Core.DLL,LoByte,Numeric,,
XSharp.VFP.DLL,LocFile,File,,
XSharp.VFP.DLL,Lock,Dbf,,
XSharp.Core.DLL,LockTries,Dbf,Locking,
XSharp.RT.DLL,LOG,Numeric,,
XSharp.RT.DLL,Log10,Numeric,,
XSharp.Core.DLL,Logic2Bin,Numeric,Conversion,
XSharp.VFP.DLL,Lookup,Programming,Dbf,
XSharp.Core.DLL,Lower,String,,
XSharp.Core.DLL,LowerA,String,,
XSharp.Core.DLL,LoWord,Numeric,,
XSharp.Core.DLL,LTOC,Conversion,,
XSharp.Core.DLL,LTrim,String,,
XSharp.VFP.DLL,LTrim,String,,
XSharp.RT.DLL,LUpdate,Dbf,,
XSharp.Core.DLL,MakeDWord,Numeric,,
XSharp.Core.DLL,MakeLong,Numeric,,
XSharp.RT.DLL,MAKEROP4,Numeric,,
XSharp.Core.DLL,MakeShort,Numeric,,
VOSQLClasses.DLL,MakeTimeStamp,SQL,,
XSharp.VFP.DLL,MakeTransactable,Cursor,,
XSharp.Core.DLL,MakeWord,Numeric,,
XSharp.RT.DLL,MAssign,Memvar,,
XSharp.RT.DLL,Max,Programming,Numeric,
XSharp.RT.DLL,MaxAtom,Symbol,,
XSharp.VO.DLL,MBAllTrim,String,International,
XSharp.VO.DLL,MBAt,String,International,
XSharp.VO.DLL,MBAt2,String,International,
XSharp.VO.DLL,MBAt3,String,International,
XSharp.VO.DLL,MBAtC,String,International,
XSharp.VO.DLL,MBAtC2,String,International,
XSharp.VO.DLL,MBAtLine,String,International,
XSharp.VO.DLL,MBAtLine2,String,International,
XSharp.VO.DLL,MBLEFT,String,International,
XSharp.VO.DLL,MBLen,String,International,
XSharp.VO.DLL,MBLTrim,String,International,
XSharp.VO.DLL,MBRat,String,International,
XSharp.VO.DLL,MBRat2,String,International,
XSharp.VO.DLL,MBRat3,String,International,
XSharp.VO.DLL,MBRight,String,International,
XSharp.VO.DLL,MBRTrim,String,International,
XSharp.VO.DLL,MBSLen,String,International,
XSharp.VO.DLL,MBStuff,String,International,
XSharp.VO.DLL,MBSubstr,String,International,
XSharp.VO.DLL,MBSubstr2,String,International,
XSharp.VO.DLL,MBSubstr3,String,International,
XSharp.VO.DLL,MBTrim,String,International,
XSharp.RT.DLL,MCompile,Macro,Codeblock,
XSharp.VFP.DLL,Mdx,Dbf,,
XSharp.VFP.DLL,MDY,Date,Conversion,String
XSharp.RT.DLL,Mem2String,Memory,Conversion,String
XSharp.RT.DLL,MemAlloc,Memory,,
XSharp.RT.DLL,MemAtSpecial,Memory,,
XSharp.RT.DLL,MemByte,Memory,,
XSharp.RT.DLL,MemCAlloc,Memory,,
XSharp.VO.DLL,MemCheckPtr,Memory,,
XSharp.RT.DLL,MemChr,Memory,,
XSharp.RT.DLL,MemClear,Memory,,
XSharp.RT.DLL,MemComp,Memory,,
XSharp.RT.DLL,MemCopy,Memory,,
XSharp.RT.DLL,MemCopyString,Memory,,
XSharp.RT.DLL,MemDWord,Memory,,
XSharp.RT.DLL,MemFree,Memory,,
XSharp.RT.DLL,MemGrpAlloc,Memory,,
XSharp.RT.DLL,MemGrpCAlloc,Memory,,
XSharp.RT.DLL,MemGrpClose,Memory,,
XSharp.RT.DLL,MemGrpEnum,Memory,,
XSharp.RT.DLL,MemGrpOpen,Memory,,
XSharp.RT.DLL,MemInt,Memory,,
XSharp.RT.DLL,MemLen,Memory,,
XSharp.Core.DLL,MemLines,Memo,,
XSharp.RT.DLL,MemLong,Memory,,
XSharp.RT.DLL,MemLower,Memory,,
XSharp.RT.DLL,MemMove,Memory,,
XSharp.Core.DLL,MemoLine,Memo,,
XSharp.Core.DLL,MemoRead,Memo,,
XSharp.Core.DLL,MemoReadBinary,Memo,,
XSharp.RT.DLL,MemoTran,String,Memo,
XSharp.Core.DLL,MemoWrit,Memo,,
XSharp.Core.DLL,MemoWritBinary,Memo,,
XSharp.RT.DLL,MemRealloc,Memory,,
XSharp.RT.DLL,MemSet,Memory,,
XSharp.RT.DLL,MemShort,Memory,,
XSharp.RT.DLL,MemTotal,Memory,,
XSharp.RT.DLL,MemTrace,Memory,,
XSharp.RT.DLL,MemUpper,Memory,,
XSharp.RT.DLL,MemVarBlock,MemVar,,
XSharp.RT.DLL,MemVarBlockSym,MemVar,,
XSharp.RT.DLL,MemVarClear,MemVar,,
XSharp.RT.DLL,MemVarGet,MemVar,,
XSharp.RT.DLL,MemVarGetSym,MemVar,,
XSharp.RT.DLL,MemVarPut,MemVar,,
XSharp.RT.DLL,MemVarPutSym,MemVar,,
XSharp.RT.DLL,MemVarRelease,MemVar,,
XSharp.RT.DLL,MemVarTryGet,MemVar,,
XSharp.RT.DLL,MemWalk,Memory,,
XSharp.RT.DLL,MemWord,Memory,,
XSharp.VFP.DLL,MessageBox,Programming,Dialog,
XSharp.RT.DLL,MethodList,Programming,,
XSharp.RT.DLL,MethodListClass,Programming,,
XSharp.RT.DLL,MExec,Macro,Codeblock,
XSharp.RT.DLL,Min,Date,,
XSharp.VFP.DLL,Minute,Time,,
XSharp.VFP.DLL,MkDir,Disk,,
XSharp.RT.DLL,MLCount,Memo,,
XSharp.Core.DLL,MLCount1,Memo,,
XSharp.Core.DLL,MLcToPos,Memo,,
XSharp.RT.DLL,MLcToPos,Memo,,
XSharp.Core.DLL,MLine,Memo,,
XSharp.Core.DLL,MLine3,Memo,,
XSharp.RT.DLL,MLPos,Memo,,
XSharp.Core.DLL,MLPos2,Memo,,
XSharp.Core.DLL,Mod,Numeric,,
XSharp.RT.DLL,Mod,Numeric,,
XSharp.Core.DLL,ModuleName,Programming,,
XSharp.RT.DLL,Month,Date,,
XSharp.RT.DLL,MParamCount,Programming,Metadata,
XSharp.RT.DLL,MPosToLc,Memo,,
XSharp.VFP.DLL,MToN,Numeric,,
XSharp.VFP.DLL,Ndx,Index,,
XSharp.Core.DLL,NetErr,Programming,Error,Network
XSharp.Core.DLL,NetName,Network,,
XSharp.RT.DLL,NewIndexLock,RDD,Locking,
XSharp.RT.DLL,NewLocks,Locking,,
XSharp.VFP.DLL,NewObject,Programming,,
VOInternetClasses.DLL,NNTPSendMail,Internet,,
XSharp.RT.DLL,NoMethod,Programming,Metadata,
XSharp.VFP.DLL,Normalize,Programming,String,
XSharp.Core.DLL,NToCDoW,Date,Conversion,
XSharp.Core.DLL,NToCMonth,Date,Conversion,
XSharp.VFP.DLL,NToM,Numeric,Conversion,
XSharp.RT.DLL,NTrim,String,Numeric,Conversion
XSharp.VFP.DLL,NumLock,Programming,,
XSharp.VO.DLL,NVersion,Programming,International,
XSharp.VFP.DLL,NVL,Programming,,
XSharp.RT.DLL,Object2Array,Programming,,
XSharp.RT.DLL,Object2Float,Programming,,
XSharp.Core.DLL,Occurs,String,,
XSharp.Core.DLL,Occurs2,String,,
XSharp.Core.DLL,Occurs3,String,,
XSharp.VO.DLL,OClone,Programming,,
XSharp.Core.DLL,Oem2Ansi,String,Conversion,
XSharp.Core.DLL,Oem2AnsiA,String,Conversion,
XSharp.Core.DLL,Oem2AnsiBuff,String,Conversion,
XSharp.RT.DLL,Oem2AnsiBuff,String,Conversion,
XSharp.VFP.DLL,OldVal,Dbf,,
XSharp.VO.DLL,OleDateTimeAsDate,Programming,Date,DateTime
XSharp.RT.DLL,OOPTree,Programming,Metadata,
XSharp.RT.DLL,OOPTreeClass,Programming,Metadata,
VOGUIClasses.DLL,OpenThemeData,GUI,,
XSharp.RT.DLL,OrdBagExt,Index,,
XSharp.RT.DLL,OrdBagName,Index,,
XSharp.RT.DLL,OrdCondSet,Index,,
XSharp.RT.DLL,OrdCount,Index,,
XSharp.RT.DLL,OrdCreate,Index,,
XSharp.RT.DLL,OrdDescend,Index,,
XSharp.RT.DLL,OrdDestroy,Index,,
XSharp.VFP.DLL,Order,Index,,
XSharp.RT.DLL,OrdFor,Index,,
XSharp.RT.DLL,OrdIsUnique,Index,,
XSharp.RT.DLL,OrdKey,Index,,
XSharp.RT.DLL,OrdKeyAdd,Index,,
XSharp.RT.DLL,OrdKeyCount,Index,,
XSharp.RT.DLL,OrdKeyDel,Index,,
XSharp.RT.DLL,OrdKeyGoto,Index,,
XSharp.RT.DLL,OrdKeyNo,Index,,
XSharp.RT.DLL,OrdKeyVal,Index,,
XSharp.RT.DLL,OrdList,Index,,
XSharp.RT.DLL,OrdListAdd,Index,,
XSharp.RT.DLL,OrdListClear,Index,,
XSharp.RT.DLL,OrdListRebuild,Index,,
XSharp.RT.DLL,OrdName,Index,,
XSharp.RT.DLL,OrdNumber,Index,,
XSharp.RT.DLL,OrdScope,Index,,
XSharp.RT.DLL,OrdSetFocus,Index,,
XSharp.RT.DLL,OrdSetRelation,Index,,
XSharp.RT.DLL,OrdSkipUnique,Index,,
XSharp.Core.DLL,OS,Programming,,
XSharp.RT.DLL,Pad,String,,
XSharp.RT.DLL,PadC,String,,
XSharp.RT.DLL,PadL,String,,
XSharp.RT.DLL,PadR,String,,
XSharp.RT.DLL,PaletteRGB,GDI,,
XSharp.RT.DLL,Pause,Programming,,
XSharp.VFP.DLL,Payment,Numeric,,
XSharp.VFP.DLL,PCol,Printing,,
XSharp.RT.DLL,PI,Numeric,,
VOInternetClasses.DLL,POPGetMails,Internet,,
XSharp.XPP.DLL,PosAlpha,String,,
XSharp.XPP.DLL,PosChar,String,,
XSharp.XPP.DLL,PosDel,String,,
XSharp.XPP.DLL,PosIns,String,,
XSharp.XPP.DLL,PosLower,String,,
XSharp.XPP.DLL,PosRepl,String,,
XSharp.XPP.DLL,PosUpper,String,,
XSharp.RT.DLL,Pow,Numeric,,
XSharp.VFP.DLL,Primary,Index,,
XSharp.Core.DLL,ProcFile,Programming,,
XSharp.Core.DLL,ProcLine,Programming,,
XSharp.Core.DLL,ProcName,Programming,,
XSharp.VFP.DLL,Program,Programming,,
XSharp.Core.DLL,Proper,String,,
XSharp.Core.DLL,ProperA,String,,
XSharp.VFP.DLL,PRow,Printing,,
XSharp.VFP.DLL,PrtInfo,Printing,,
XSharp.RT.DLL,Psz2String,String,Conversion,PSZ
XSharp.RT.DLL,Psz2Usual,PSZ,Conversion,
XSharp.RT.DLL,PszAlloc,PSZ,,
XSharp.RT.DLL,PszLen,PSZ,,
XSharp.Core.DLL,Ptr2Bin,Conversion,,
XSharp.VO.DLL,PtrLen,Programming,,
XSharp.VO.DLL,PtrLenWrite,Programming,,
XSharp.VFP.DLL,PutFile,File,Dialog,
XSharp.VFP.DLL,PV,Numeric,,
XSharp.RT.DLL,QOut,Terminal,,
VOInternetClasses.DLL,QPDecode,Internet,,
VOInternetClasses.DLL,QPEncode,Internet,,
XSharp.Core.DLL,QPEncString,Encryption,,
XSharp.RT.DLL,QQOut,Terminal,,
XSharp.VFP.DLL,Quarter,Date,,
XSharp.VO.DLL,QueryRTRegInt,Registry,,
XSharp.VO.DLL,QueryRTRegString,Registry,,
XSharp.VFP.DLL,RaiseEvent,Programming,,
XSharp.RT.DLL,Rand,Numeric,,
XSharp.Core.DLL,RAt,String,,
XSharp.VFP.DLL,RAt,String,,
XSharp.Core.DLL,RAt2,String,,
XSharp.Core.DLL,RAt3,String,,
XSharp.VFP.DLL,RAtC,String,,
XSharp.Core.DLL,RAtLine,String,,
XSharp.Core.DLL,RATLine2,String,,
XSharp.RT.DLL,RddCount,RDD,,
XSharp.RT.DLL,RddInfo,RDD,,
XSharp.RT.DLL,RddList,RDD,,
XSharp.RT.DLL,RddName,RDD,,
XSharp.RT.DLL,RddSetDefault,RDD,,
XSharp.RT.DLL,RddVersion,RDD,,
XSharp.Core.DLL,ReadOsVersionFromRegistry,Support,,
XSharp.Core.DLL,Real42Bin,Numeric,Conversion,
XSharp.Core.DLL,Real82Bin,Numeric,Conversion,
XSharp.RT.DLL,RecCount,Dbf,,
XSharp.RT.DLL,RecNo,Dbf,,
XSharp.RT.DLL,RecSize,Dbf,,
XSharp.VFP.DLL,Refresh,Sql,,
XSharp.Core.DLL,RegisterFileSearch,File,Programming,
XSharp.VFP.DLL,RegisterFoxMemVarSupport,Programming,,
XSharp.VFP.DLL,Relation,Dbf,,
XSharp.VFP.DLL,RemoveProperty,Programming,Metadata,
XSharp.Core.DLL,Repl,String,,
XSharp.Core.DLL,Replicate,String,,
XSharp.VFP.DLL,Requery,Sql,,
XSharp.Core.DLL,RGB,Programming,GDI,
XSharp.VFP.DLL,RgbScheme,Programming,GDI,
XSharp.Core.DLL,Right,String,,
XSharp.VFP.DLL,RightC,String,,
XSharp.RT.DLL,RLock,Dbf,Locking,
XSharp.RT.DLL,Round,Numeric,,
XSharp.RT.DLL,Row,Terminal,,
XSharp.RT.DLL,RToD,Numeric,Conversion,
XSharp.Core.DLL,RTrim,String,,
XSharp.VFP.DLL,RTrim,String,,
XSharp.VFP.DLL,SavePicture,Dialog,,
XSharp.VFP.DLL,Scheme,Programming,GDI,
XSharp.Core.DLL,SClone,String,,
XSharp.VFP.DLL,Sec,Time,,
XSharp.Core.DLL,Seconds,Time,,
XSharp.Core.DLL,Secs,Time,,
XSharp.VFP.DLL,Seek,Dbf,,
XSharp.RT.DLL,Select,Dbf,,
XSharp.RT.DLL,Send,Programming,,
XSharp.RT.DLL,Set,Settings,,
VOGUIClasses.DLL,SetAccelerator,GUI,,
XSharp.RT.DLL,SetAlternate,Settings,Terminal,
XSharp.RT.DLL,SetAltFile,Settings,Terminal,
XSharp.Core.DLL,SetAMExt,Settings,,
XSharp.Core.DLL,SetAmPm,Settings,,
XSharp.Core.DLL,SetAnsi,Settings,,
XSharp.VO.DLL,SetAppLocaleID,Settings,International,
XSharp.Core.DLL,SetBeep,Settings,,
XSharp.Core.DLL,SetCentury,Settings,International,
VOGUIClasses.DLL,SetClassStyle,GUI,,
XSharp.VO.DLL,SetClipCompFunc,Settings,,
XSharp.Core.DLL,SetCollation,Settings,International,
XSharp.XPP.DLL,SetCollation,International,Index,
XSharp.XPP.DLL,SetCollationTable,International,Index,
XSharp.RT.DLL,SetColor,Settings,GDI,
XSharp.Core.DLL,SetCompatible,Settings,,
XSharp.RT.DLL,SetConsole,Settings,Terminal,
XSharp.Core.DLL,SetCpu,Settings,,
XSharp.Core.DLL,SetDateCountry,Settings,International,
XSharp.Core.DLL,SetDateFormat,Settings,International,
XSharp.Core.DLL,SetDecimal,Settings,,
XSharp.Core.DLL,SetDecimalSep,Settings,International,
XSharp.Core.DLL,SetDefault,Settings,,
XSharp.Core.DLL,SetDefaultDir,Settings,,
XSharp.Core.DLL,SetDeleted,Settings,,
XSharp.Core.DLL,SetDigit,Settings,,
XSharp.Core.DLL,SetDigitFixed,Settings,,
XSharp.Core.DLL,SetEnv,Settings,,
XSharp.Core.DLL,SetEpoch,Settings,,
XSharp.Core.DLL,SetErrorLog,Settings,,
XSharp.Core.DLL,SetErrorLogFile,Settings,,
XSharp.Core.DLL,SetErrorStackVOFormat,Settings,,
XSharp.Core.DLL,SetExact,Settings,,
XSharp.Core.DLL,SetExclusive,Settings,,
XSharp.RT.DLL,SetFDateTime,Settings,,
XSharp.Core.DLL,SetFieldStore,Settings,,
XSharp.Core.DLL,SetFixed,Settings,,
XSharp.VFP.DLL,SetFldState,Settings,,
XSharp.RT.DLL,SetFloatDelta,Settings,,
XSharp.VFP.DLL,SetFoxCollation,Settings,Index,
XSharp.Core.DLL,SetInternational,Settings,International,
XSharp.Core.DLL,SetMacroCompiler,Settings,,
XSharp.Core.DLL,SetMacroDuplicatesResolver,Settings,,
XSharp.Core.DLL,SetMath,Settings,,
XSharp.Core.DLL,SetNatDLL,Settings,International,
XSharp.Core.DLL,SetPath,Settings,,
XSharp.Core.DLL,SetPathArray,Settings,,
XSharp.Core.DLL,SetPMExt,Settings,,
XSharp.RT.DLL,SetPos,Settings,,
XSharp.VFP.DLL,SetResultSet,Settings,,
XSharp.VO.DLL,SetRTRegInt,Registry,,
XSharp.VO.DLL,SetRTRegString,Registry,,
XSharp.Core.DLL,SetSafety,Settings,,
XSharp.Core.DLL,SetScience,Settings,,
XSharp.Core.DLL,SetSoftSeek,Settings,,
XSharp.Core.DLL,SetSpace,Settings,,
XSharp.Data.DLL,SetSqlFactory,Settings,,
XSharp.VFP.DLL,SetTextFile,Settings,,
XSharp.VFP.DLL,SetTextMerge,Settings,,
XSharp.VFP.DLL,SetTextMergeDelimiters,Terminal,,
VOGUIClasses.DLL,SetThemeAppProperties,GUI,,
XSharp.Core.DLL,SetThousandSep,Settings,International,
XSharp.Core.DLL,SetTimeFormat,Settings,Time,
XSharp.Core.DLL,SetTimeSep,Settings,Time,
XSharp.Core.DLL,SetUnique,Settings,,
XSharp.VO.DLL,SetWinCompFlags,Settings,,
XSharp.VO.DLL,SetWinCompFunc,Settings,,
VOGUIClasses.DLL,SetWindowTheme,GUI,,
XSharp.Core.DLL,SetYield,Settings,,
XSharp.RT.DLL,SEval,String,Codeblock,
XSharp.RT.DLL,SEvalA,String,Codeblock,
VOGUIClasses.DLL,SHBrowseForFolder,GUI,,
VOGUIClasses.DLL,Shell_NotifyIcon,GUI,,
VOGUIClasses.DLL,ShellOpen,GUI,,
VOGUIClasses.DLL,SHGetPathFromIDList,GUI,,
XSharp.RT.DLL,ShowArray,Terminal,Array,
XSharp.VO.DLL,ShowBitmap,GDI,,
XSharp.VFP.DLL,ShowFoxArray,Terminal,,
XSharp.RT.DLL,ShowObject,Terminal,,
XSharp.RT.DLL,ShowPrivates,Terminal,MemVar,
XSharp.RT.DLL,ShowPublics,Terminal,MemVar,
XSharp.VFP.DLL,Sign,Numeric,Programming,
XSharp.RT.DLL,Sin,Numeric,,
XSharp.Core.DLL,SLen,String,,
VOInternetClasses.DLL,SMTPSendMail,Internet,,
XSharp.Core.DLL,SoundEx,String,,
XSharp.Core.DLL,Space,String,,
XSharp.RT.DLL,SplitPath,Disk,,
VOSQLClasses.DLL,SQL_LEN_DATA_AT_EXEC,SQL,,
XSharp.VFP.DLL,SqlCancel,Sql,,
XSharp.VFP.DLL,SqlColumns,Sql,,
XSharp.VFP.DLL,SqlCommit,Sql,,
XSharp.VFP.DLL,SqlConnect,Sql,,
VOSQLClasses.DLL,SQLConnectErrorMsg,SQL,,
XSharp.VOSQLClasses.DLL,SQLConnectErrorMsg,SQL,,
VOSQLClasses.DLL,SqlDeleteWhiteSpace,SQL,,
XSharp.VFP.DLL,SqlDisconnect,Sql,,
VOSQLClasses.DLL,SQLDropMyConnection,SQL,,
XSharp.VFP.DLL,SqlExec,Sql,,
VOSQLClasses.DLL,SQLGetDataSources,SQL,,
XSharp.VOSQLClasses.DLL,SQLGetDataSources,SQL,,
VOSQLClasses.DLL,SQLGetMyConnection,SQL,,
XSharp.VFP.DLL,SqlGetProp,Sql,,
XSharp.VFP.DLL,SqlIdleDisconnect,Sql,,
VOSQLClasses.DLL,SqlIsBinaryType,SQL,,
VOSQLClasses.DLL,SqlIsCharType,SQL,,
VOSQLClasses.DLL,SqlIsLongType,SQL,,
XSharp.VFP.DLL,SqlMoreResults,Sql,,
VOSQLClasses.DLL,SQLOpenConnection,SQL,,
XSharp.VFP.DLL,SqlParameters,Sql,,
XSharp.VFP.DLL,SqlPrepare,Sql,,
XSharp.VFP.DLL,SqlRollBack,Sql,,
VOSQLClasses.DLL,SQLSetConnection,SQL,,
XSharp.VOSQLClasses.DLL,SQLSetConnection,SQL,,
XSharp.VFP.DLL,SqlSetFactory,Sql,,
XSharp.VFP.DLL,SqlSetProp,Sql,,
VOSQLClasses.DLL,SqlSetStmtConcurrency,SQL,,
VOSQLClasses.DLL,SqlSetStmtCursorType,SQL,,
VOSQLClasses.DLL,SqlSetStmtSimulateCursor,SQL,,
XSharp.VFP.DLL,SqlStringConnect,Sql,,
XSharp.VFP.DLL,SqlTables,Sql,,
XSharp.VOSQLClasses.DLL,SQLThrowOutOfMemoryError,SQL,,
XSharp.RT.DLL,SQrt,Numeric,,
XSharp.RT.DLL,SToD,Date,String,
XSharp.Core.DLL,SToDt,DateTime,String,
XSharp.RT.DLL,Str,String,Numeric,Conversion
XSharp.RT.DLL,Str1,String,Numeric,Conversion
XSharp.RT.DLL,Str2,String,Numeric,Conversion
XSharp.RT.DLL,Str3,String,Numeric,Conversion
XSharp.VFP.DLL,StrConv,String,Numeric,Conversion
XSharp.VO.DLL,StretchBitmap,GDI,,
XSharp.RT.DLL,StrEvaluate,String,Codeblock,Macro
XSharp.VFP.DLL,StrExtract,String,,
XSharp.RT.DLL,StrFloat,String,Conversion,
XSharp.RT.DLL,String2Atom,String,Conversion,Symbol
XSharp.Core.DLL,String2FAttr,String,Conversion,
XSharp.RT.DLL,String2Symbol,String,Conversion,Numeric
XSharp.RT.DLL,StringAlloc,String,Memory,
XSharp.RT.DLL,StrInt,String,Conversion,Numeric
XSharp.RT.DLL,StrLong,String,Conversion,Numeric
XSharp.VFP.DLL,StrToFile,String,File,
XSharp.RT.DLL,StrToFloat,String,Numeric,Conversion
XSharp.RT.DLL,StrTran,String,,
XSharp.RT.DLL,StrZero,String,Conversion,Numeric
XSharp.Core.DLL,Stuff,String,,
XSharp.VFP.DLL,StuffC,String,International,
XSharp.RT.DLL,SubS,String,,
XSharp.RT.DLL,SubStr,String,,
XSharp.Core.DLL,SubStr2,String,,
XSharp.Core.DLL,SubStr3,String,,
XSharp.VFP.DLL,SubStrC,String,International,
XSharp.Core.DLL,SwapByte,Numeric,,
XSharp.Core.DLL,SwapDWord,Numeric,,
XSharp.Core.DLL,SwapInt,Numeric,,
XSharp.Core.DLL,SwapInt64,Numeric,,
XSharp.Core.DLL,SwapLong,Numeric,,
XSharp.Core.DLL,SwapQWord,Numeric,,
XSharp.Core.DLL,SwapShort,Numeric,,
XSharp.Core.DLL,SwapWord,Numeric,,
XSharp.RT.DLL,Symbol2String,String,Symbol,Conversion
XSharp.VFP.DLL,Sys,Programming,,
XSharp.RT.DLL,SysAddAtom,Symbol,,
XSharp.RT.DLL,SysAddAtomUpperA,Symbol,,
XSharp.RT.DLL,SysCompAtom,Symbol,,
XSharp.RT.DLL,SysFindAtom,Symbol,,
XSharp.RT.DLL,SysGetAtomName,Symbol,,
XSharp.VFP.DLL,SysMetric,Programming,,
XSharp.VO.DLL,SysObject,Programming,,
VOInternetClasses.DLL,SystemErrorString,Internet,,
XSharp.Core.DLL,SystemTypeToUsualType,Programming,,
XSharp.VFP.DLL,TableRevert,Dbf,,
XSharp.VFP.DLL,TableUpdate,Dbf,,
XSharp.VFP.DLL,Tag,Index,,
XSharp.VFP.DLL,TagCount,Index,,
XSharp.VFP.DLL,TagNo,Index,,
XSharp.RT.DLL,Tan,Numeric,,
XSharp.VFP.DLL,Target,Dbf,,
XSharp.VFP.DLL,TextMerge,Programming,,
VOGUIClasses.DLL,THTMLHelp,GUI,,
XSharp.Core.DLL,Time,Time,,
XSharp.Core.DLL,Time24,Time,,
XSharp.RT.DLL,TimePsz,Date,Psz,
XSharp.RT.DLL,TimePsz24,Date,Psz,
VOGUIClasses.DLL,TMCIWndCreate,GUI,,
XSharp.RT.DLL,Today,Date,,
XSharp.RT.DLL,Tone,Terminal,,
XSharp.RT.DLL,ToWord,Numeric,Conversion,
XSharp.RT.DLL,Transform,String,,
XSharp.VFP.DLL,Transform,String,,
XSharp.Core.DLL,Trim,String,,
XSharp.VFP.DLL,Trim,String,,
XSharp.Core.DLL,TruePath,Programming,File,
XSharp.Core.DLL,TString,String,Time,
XSharp.RT.DLL,TString,String,,
XSharp.VFP.DLL,TToC,String,DateTime,
XSharp.VFP.DLL,TToD,String,DateTime,
XSharp.VFP.DLL,TxnLevel,Dbf,,
XSharp.VFP.DLL,TxtWidth,String,GDI,
XSharp.RT.DLL,Type,Programming,,
XSharp.Core.DLL,TypeString,Programming,,
XSharp.RT.DLL,Unformat,String,,
XSharp.VFP.DLL,Unique,Index,,
XSharp.RT.DLL,UnRegisterAxit,Programming,,
XSharp.Core.DLL,Upper,String,,
XSharp.Core.DLL,UpperA,String,,
XSharp.Core.DLL,UseBufferedFileStream,File,,
VOGUIClasses.DLL,UseColonInAutoLayoutCaptions,GUI,,
XSharp.RT.DLL,Used,Dbf,,
XSharp.RT.DLL,UsualType,Programming,,
XSharp.RT.DLL,UsualVal,Programming,,
XSharp.Core.DLL,UUDecodeLine,Encryption,,
XSharp.Core.DLL,UUEncFile,Encryption,,
XSharp.Core.DLL,UUEncLine,Encryption,,
XSharp.RT.DLL,Val,Conversion,String,Numeric
XSharp.RT.DLL,ValType,Programming,,
XSharp.RT.DLL,VarGet,MemVar,,
XSharp.RT.DLL,VarGetSym,MemVar,Symbol,
XSharp.RT.DLL,VarPut,MemVar,,
XSharp.RT.DLL,VarPutSym,MemVar,Symbol,
XSharp.VFP.DLL,VarType,Programming,,
VOGUIClasses.DLL,VerifyThemeState,GUI,,
XSharp.RT.DLL,Version,Programming,,
XSharp.RT.DLL,VoDbAlias,DbfTyped,,
XSharp.RT.DLL,VoDbAliasSym,DbfTyped,,
XSharp.RT.DLL,VoDbAppend,DbfTyped,,
XSharp.RT.DLL,VoDbBlobInfo,DbfTyped,,
XSharp.RT.DLL,VoDbBof,DbfTyped,,
XSharp.RT.DLL,VoDbBuffRefresh,DbfTyped,,
XSharp.RT.DLL,VoDbClearFilter,DbfTyped,,
XSharp.RT.DLL,VoDbClearLocate,DbfTyped,,
XSharp.RT.DLL,VoDbClearRelation,DbfTyped,,
XSharp.RT.DLL,VoDbClearScope,DbfTyped,,
XSharp.RT.DLL,VoDbCloseAll,DbfTyped,,
XSharp.RT.DLL,VoDbCloseArea,DbfTyped,,
XSharp.RT.DLL,VoDbCommit,DbfTyped,,
XSharp.RT.DLL,VoDbCommitAll,DbfTyped,,
XSharp.RT.DLL,VoDbContinue,DbfTyped,,
XSharp.RT.DLL,VoDbCreate,DbfTyped,,
XSharp.RT.DLL,VoDbDelete,DbfTyped,,
XSharp.RT.DLL,VoDbDeleted,DbfTyped,,
XSharp.RT.DLL,VoDbEof,DbfTyped,,
XSharp.RT.DLL,VoDbEval,DbfTyped,,
XSharp.RT.DLL,VoDbFieldGet,DbfTyped,,
XSharp.RT.DLL,VoDbFieldGetBytes,DbfTyped,,
XSharp.RT.DLL,VoDbFieldInfo,DbfTyped,,
XSharp.RT.DLL,VoDbFieldPut,DbfTyped,,
XSharp.RT.DLL,VoDbFieldPutBytes,DbfTyped,,
XSharp.RT.DLL,VoDbFileGet,DbfTyped,,
XSharp.RT.DLL,VoDbFilePut,DbfTyped,,
XSharp.RT.DLL,VoDbFilter,DbfTyped,,
XSharp.RT.DLL,VoDbFlock,DbfTyped,Locking,
XSharp.RT.DLL,VoDbFound,DbfTyped,,
XSharp.RT.DLL,VoDbGetScope,DbfTyped,,
XSharp.RT.DLL,VoDbGetSelect,DbfTyped,,
XSharp.RT.DLL,VoDbGoBottom,DbfTyped,,
XSharp.RT.DLL,VoDbGoto,DbfTyped,,
XSharp.RT.DLL,VoDbGoTop,DbfTyped,,
XSharp.RT.DLL,VoDbInfo,DbfTyped,,
XSharp.RT.DLL,VoDbJoinAppend,DbfTyped,,
XSharp.RT.DLL,VoDbLastRec,DbfTyped,,
XSharp.RT.DLL,VoDbLocate,DbfTyped,,
XSharp.RT.DLL,VoDbMemoExt,DbfTyped,,
XSharp.RT.DLL,VoDbOrdBagExt,DbfTyped,Index,
XSharp.RT.DLL,VoDbOrdCondSet,DbfTyped,Index,
XSharp.RT.DLL,VoDbOrdCreate,DbfTyped,Index,
XSharp.RT.DLL,VoDbOrdDestroy,DbfTyped,Index,
XSharp.RT.DLL,VoDbOrderInfo,DbfTyped,Index,
XSharp.RT.DLL,VoDbOrdListAdd,DbfTyped,Index,
XSharp.RT.DLL,VoDbOrdListClear,DbfTyped,Index,
XSharp.RT.DLL,VoDbOrdListRebuild,DbfTyped,Index,
XSharp.RT.DLL,VoDbOrdSetFocus,DbfTyped,Index,
XSharp.RT.DLL,VoDbPack,DbfTyped,,
XSharp.RT.DLL,VoDbRddCount,DbfTyped,,
XSharp.RT.DLL,VoDbRddInfo,DbfTyped,,
XSharp.RT.DLL,VoDbRddList,DbfTyped,,
XSharp.RT.DLL,VoDbRddName,DbfTyped,,
XSharp.RT.DLL,VoDbRddSetDefault,DbfTyped,,
XSharp.RT.DLL,VoDbRecall,DbfTyped,,
XSharp.RT.DLL,VoDbRecno,DbfTyped,,
XSharp.RT.DLL,VoDbRecordGet,DbfTyped,,
XSharp.RT.DLL,VoDbRecordInfo,DbfTyped,,
XSharp.RT.DLL,VoDbRecordPut,DbfTyped,,
XSharp.RT.DLL,VoDbRelation,DbfTyped,,
XSharp.RT.DLL,VoDbRlock,DbfTyped,Locking,
XSharp.RT.DLL,VoDbRSelect,DbfTyped,,
XSharp.RT.DLL,VoDbSeek,DbfTyped,,
XSharp.RT.DLL,VoDbSelect,DbfTyped,,
XSharp.RT.DLL,VoDbSetFilter,DbfTyped,,
XSharp.RT.DLL,VoDbSetFound,DbfTyped,,
XSharp.RT.DLL,VoDbSetLocate,DbfTyped,,
XSharp.RT.DLL,VoDbSetRelation,DbfTyped,,
XSharp.RT.DLL,VoDbSetScope,DbfTyped,,
XSharp.RT.DLL,VoDbSetSelect,DbfTyped,,
XSharp.RT.DLL,VoDbSkip,DbfTyped,,
XSharp.RT.DLL,VoDbSkipScope,DbfTyped,,
XSharp.RT.DLL,VoDbSort,DbfTyped,,
XSharp.RT.DLL,VoDbSymSelect,DbfTyped,,
XSharp.RT.DLL,VoDbTrans,DbfTyped,,
XSharp.RT.DLL,VoDbTransRec,DbfTyped,,
XSharp.RT.DLL,VoDbUnlock,DbfTyped,Locking,
XSharp.RT.DLL,VoDbUnLockAll,DbfTyped,Locking,
XSharp.RT.DLL,VoDbUseArea,DbfTyped,,
XSharp.RT.DLL,VoDbZap,DbfTyped,,
XSharp.Core.DLL,W2Bin,Conversion,Numeric,
VOGUIClasses.DLL,WCAppGetDialogWindow,GUI,,
VOGUIClasses.DLL,WCAppSetDialogWindow,GUI,,
VOGUIClasses.DLL,WCDCAdd,GUI,,
VOGUIClasses.DLL,WCDCClear,GUI,,
VOGUIClasses.DLL,WCDCDelete,GUI,,
VOGUIClasses.DLL,WCDCTop,GUI,,
VOGUIClasses.DLL,WCGetCoordinateSystem,GUI,,
VOGUIClasses.DLL,WCMoveWindow,GUI,,
VOGUIClasses.DLL,WCNewControlsAvailable,GUI,,
VOGUIClasses.DLL,WCSetCoordinateSystem,GUI,,
XSharp.VFP.DLL,Week,Date,,
VOInternetClasses.DLL,WinSockExit,Internet,,
VOInternetClasses.DLL,WinSockInit,Internet,,
XSharp.Core.DLL,WorkDir,Disk,,
VOInternetClasses.DLL,WSAGetLastError,Internet,,
XSharp.XPP.DLL,XMLDocClearErrors,XML,,
XSharp.XPP.DLL,XMLDocClose,XML,,
XSharp.XPP.DLL,XMLDocCloseAll,XML,,
XSharp.XPP.DLL,XmlDocExplainErrorMessage,XML,,
XSharp.XPP.DLL,XMLDocGetErrorList,XML,,
XSharp.XPP.DLL,XMLDocGetRootTag,XML,,
XSharp.XPP.DLL,XMLDocOpenFile,XML,,
XSharp.XPP.DLL,XMLDocOpenString,XML,,
XSharp.XPP.DLL,XMLDocProcess,XML,,
XSharp.XPP.DLL,XMLDocResetAction,XML,,
XSharp.XPP.DLL,XMLDocSetAction,XML,,
XSharp.XPP.DLL,XMLGetAttribute,XML,,
XSharp.XPP.DLL,XMLGetChild,XML,,
XSharp.XPP.DLL,XMLGetChildren,XML,,
XSharp.XPP.DLL,XMLGetParent,XML,,
XSharp.XPP.DLL,XMLGetTag,XML,,
XSharp.XPP.DLL,XMLSelectNodes,XML,,
XSharp.VFP.DLL,XmlToCursor,XML,,
XSharp.VFP.DLL,XmlUpdatefram,XML,,
XSharp.RT.DLL,XSharpLoadLibrary,Programming,,
XSharp.RT.DLL,Year,Date,Conversion,
