XSharp.RDD.DLL,Advantage,ADSADT,ADS,
XSharp.RDD.DLL,Advantage,AXDBFCDX,ADS,
XSharp.RDD.DLL,Advantage,AXDBFNTX,ADS,
XSharp.RDD.DLL,Advantage,AXDBFVFP,ADS,
XSharp.RDD.DLL,Advantage,AXSQLADT,ADS,
XSharp.RDD.DLL,Advantage,AXSQLCDX,ADS,
XSharp.RDD.DLL,Advantage,AXSQLNTX,ADS,
XSharp.RDD.DLL,Advantage,AXSQLVFP,ADS,
XSharp.RT.DLL,System.Linq,ExtensionMethods,Application,
VOGUIClasses.DLL,VO,Accelerator,Menu,
VORDDClasses.DLL,VO,AdsSQLServer,ADS,
VOGUIClasses.DLL,VO,AnimationControl,Control,
VOGUIClasses.DLL,VO,App,Application,
VOGUIClasses.DLL,VO,AppCommandEvent,Event,
VOGUIClasses.DLL,VO,AppWindow,Application,
VOGUIClasses.DLL,VO,BaseListBox,Control,
VOGUIClasses.DLL,VO,Bitmap,Display,
VOGUIClasses.DLL,VO,BitmapObject,Draw,
VOGUIClasses.DLL,VO,BoundingBox,Display,
VOGUIClasses.DLL,VO,Brush,Display,
VOGUIClasses.DLL,VO,Button,Button,
VOGUIClasses.DLL,VO,ButtonImageList,Display,
VOInternetClasses.DLL,VO,CEmail,Internet,
VOInternetClasses.DLL,VO,CFtp,Internet,
VOGUIClasses.DLL,VO,CheckBox,Button,
VOGUIClasses.DLL,VO,ChildAppWindow,Window,
VOInternetClasses.DLL,VO,CHttp,Internet,
VOInternetClasses.DLL,VO,CImap,Internet,
VOInternetClasses.DLL,VO,CINetDial,Internet,
VOGUIClasses.DLL,VO,Clipboard,Application,
VOInternetClasses.DLL,VO,CMailAbstract,Internet,
VOInternetClasses.DLL,VO,CMessage,Internet,
VOInternetClasses.DLL,VO,CNews,Internet,
VOInternetClasses.DLL,VO,CNNTP,Internet,
VOGUIClasses.DLL,VO,Color,Display,
VOGUIClasses.DLL,VO,ComboBox,Control,
VOGUIClasses.DLL,VO,ComboBoxEx,Control,
VOGUIClasses.DLL,VO,ComboBoxExEndEditEvent,Event,
VOGUIClasses.DLL,VO,ComboBoxExItem,Control,
VOConsoleClasses.DLL,VO,Console,Display,
VOConsoleClasses.DLL,VO,ConsoleCoord,Display,
VOGUIClasses.DLL,VO,Control,Control,
VOGUIClasses.DLL,VO,ControlEvent,Event,
VOGUIClasses.DLL,VO,ControlFocusChangeEvent,Event,
VOGUIClasses.DLL,VO,ControlNotifyEvent,Event,
VOGUIClasses.DLL,VO,ControlWindow,Window,
VOInternetClasses.DLL,VO,CPop,Internet,
VOInternetClasses.DLL,VO,CSession,Internet,
VOInternetClasses.DLL,VO,CSmtp,Internet,
VOInternetClasses.DLL,VO,CSocket,Internet,
VOInternetClasses.DLL,VO,CStorage,Internet,
VOGUIClasses.DLL,VO,Cursor,Display,
VOGUIClasses.DLL,VO,CustomControl,Control,
VOGUIClasses.DLL,VO,DataBrowser,Data,Control
VOGUIClasses.DLL,VO,DataColumn,Data,Control
VOGUIClasses.DLL,VO,DataDialog,Window,
VOSystemClasses.DLL,VO,DataField,Data,
VOGUIClasses.DLL,VO,DataListView,Control,
VOSystemClasses.DLL,VO,DataServer,Data,
VOGUIClasses.DLL,VO,DataWindow,Window,
VOSystemClasses.DLL,VO,DateFS,Data,
VOGUIClasses.DLL,VO,DateRange,Support,
VOGUIClasses.DLL,VO,DateTimePicker,Control,
VOGUIClasses.DLL,VO,DateTimeSelectionEvent,Event,
VORDDClasses.DLL,VO,DbFileSpec,Data,
VORDDClasses.DLL,VO,DbServer,Data,
VOGUIClasses.DLL,VO,DialogWindow,Window,
VOGUIClasses.DLL,VO,Dimension,Support,
VOGUIClasses.DLL,VO,DragDropClient,Application,
VOGUIClasses.DLL,VO,DragDropServer,Application,
VOGUIClasses.DLL,VO,DragEvent,Event,
VOGUIClasses.DLL,VO,DrawObject,Draw,
VOGUIClasses.DLL,VO,Edit,Control,
VOGUIClasses.DLL,VO,EditFocusChangeEvent,Event,
VOGUIClasses.DLL,VO,EditWindow,Window,
VOGUIClasses.DLL,VO,EllipseObject,Draw,
VOGUIClasses.DLL,VO,ErrorBox,Dialog,
VOGUIClasses.DLL,VO,Event,Event,
VOGUIClasses.DLL,VO,EventContext,Window,
VOGUIClasses.DLL,VO,ExplorerWindow,Window,
VOGUIClasses.DLL,VO,ExposeEvent,Event,
VOSystemClasses.DLL,VO,FieldSpec,Data,
VOSystemClasses.DLL,VO,FileSpec,Data,
VOGUIClasses.DLL,VO,FixedBitmap,Image,
VOGUIClasses.DLL,VO,FixedIcon,Image,
VOGUIClasses.DLL,VO,FixedImage,Image,
VOGUIClasses.DLL,VO,FixedText,TextControl,
VOGUIClasses.DLL,VO,FocusChangeEvent,Event,
VOGUIClasses.DLL,VO,Font,Display,
VOGUIClasses.DLL,VO,FormattedTextObject,Draw,
VOGUIClasses.DLL,VO,GroupBox,TextControl,
VOGUIClasses.DLL,VO,HelpDisplay,Help,
VOGUIClasses.DLL,VO,HelpRequestEvent,Event,
VOGUIClasses.DLL,VO,HorizontalScrollBar,Control,
VOGUIClasses.DLL,VO,HorizontalSelectionSlider,Control,
VOGUIClasses.DLL,VO,HorizontalSlider,Control,
VOGUIClasses.DLL,VO,HorizontalSpinner,Control,
VOGUIClasses.DLL,VO,HotKey,Support,
VOGUIClasses.DLL,VO,HotKeyEdit,TextControl,
VOGUIClasses.DLL,VO,HotKeyRule,Support,
VOSystemClasses.DLL,VO,HyperLabel,Help,
VOGUIClasses.DLL,VO,HyperLink,TextControl,
VOGUIClasses.DLL,VO,Icon,Display,
VOGUIClasses.DLL,VO,ImageList,Display,
VOGUIClasses.DLL,VO,InfoBox,Dialog,
VOSystemClasses.DLL,VO,IntegerFS,Data,
VOGUIClasses.DLL,VO,IPAddress,TextControl,
VOGUIClasses.DLL,VO,IpcClient,Application,
VOGUIClasses.DLL,VO,IpcClientErrorEvent,Event,
VOGUIClasses.DLL,VO,IpcDataRequestEvent,Event,
VOGUIClasses.DLL,VO,IpcDataUpdateEvent,Event,
VOGUIClasses.DLL,VO,IpcEvent,Event,
VOGUIClasses.DLL,VO,IpcExecuteRequestEvent,Event,
VOGUIClasses.DLL,VO,IpcServer,Application,
VOGUIClasses.DLL,VO,IpcTopic,Application,
VOGUIClasses.DLL,VO,IpcTopicData,Application,
VOGUIClasses.DLL,VO,KeyEvent,Event,
VOGUIClasses.DLL,VO,LineObject,Draw,
VOGUIClasses.DLL,VO,ListBox,Control,
VOGUIClasses.DLL,VO,ListView,Control,
VOGUIClasses.DLL,VO,ListViewColumn,Control,
VOGUIClasses.DLL,VO,ListViewColumnClickEvent,Event,
VOGUIClasses.DLL,VO,ListViewDeleteEvent,Event,
VOGUIClasses.DLL,VO,ListViewDragEvent,Event,
VOGUIClasses.DLL,VO,ListViewEditEvent,Event,
VOGUIClasses.DLL,VO,ListViewItem,Control,
VOGUIClasses.DLL,VO,ListViewItemEvent,Event,
VOGUIClasses.DLL,VO,ListViewKeyEvent,Event,
VOGUIClasses.DLL,VO,ListViewMouseEvent,Event,
VOSystemClasses.DLL,VO,LogicFS,Data,
VOGUIClasses.DLL,VO,Menu,Menu,
VOGUIClasses.DLL,VO,MenuCommandEvent,Event,Menu
VOGUIClasses.DLL,VO,MenuInitEvent,Event,Menu
VOGUIClasses.DLL,VO,MenuSelectEvent,Event,Menu
VOGUIClasses.DLL,VO,MinMaxInfoEvent,Event,
VOGUIClasses.DLL,VO,ModelessDialog,Dialog,
VOSystemClasses.DLL,VO,MoneyFS,Data,
VOGUIClasses.DLL,VO,MonthCalendar,Control,
VOGUIClasses.DLL,VO,MonthCalSelectionEvent,Event,
VOGUIClasses.DLL,VO,MouseEvent,Event,
VOGUIClasses.DLL,VO,MoveEvent,Event,
VOGUIClasses.DLL,VO,MultiLineEdit,TextControl,
VOGUIClasses.DLL,VO,MultiMediaContainer,Image,
VOSystemClasses.DLL,VO,NumberFS,Data,
VOGUIClasses.DLL,VO,OLEDataWindow,Window,
VOGUIClasses.DLL,VO,OleDragEvent,Event,
VOGUIClasses.DLL,VO,OLEShellWindow,Window,
VOGUIClasses.DLL,VO,OpenDialog,Dialog,
VORDDClasses.DLL,VO,OrderSpec,Data,
VOGUIClasses.DLL,VO,Pair,Support,
VOGUIClasses.DLL,VO,PaletteDialog,Dialog,
VOGUIClasses.DLL,VO,Pen,Display,
VOGUIClasses.DLL,VO,PieObject,Draw,
VOGUIClasses.DLL,VO,Point,Support,
VOGUIClasses.DLL,VO,Pointer,Display,
VOGUIClasses.DLL,VO,Printer,Printer,
VOGUIClasses.DLL,VO,PrinterErrorEvent,Event,
VOGUIClasses.DLL,VO,PrinterExposeEvent,Event,
VOGUIClasses.DLL,VO,PrintingDevice,Printer,
VOGUIClasses.DLL,VO,ProgressBar,Control,
VOGUIClasses.DLL,VO,PushButton,Button,
VOGUIClasses.DLL,VO,RadioButton,Button,
VOGUIClasses.DLL,VO,RadioButtonGroup,Button,
VOGUIClasses.DLL,VO,Range,Support,
VOGUIClasses.DLL,VO,RectangleObject,Draw,
VOGUIClasses.DLL,VO,ResizeEvent,Event,
VOGUIClasses.DLL,VO,ResourceFile,Application,
VOGUIClasses.DLL,VO,ResourceID,Application,
VOGUIClasses.DLL,VO,ResourceString,Application,
VOGUIClasses.DLL,VO,RichEdit,TextControl,
VOGUIClasses.DLL,VO,RichEditProtectEvent,Event,
VOGUIClasses.DLL,VO,RichEditSelectionEvent,Event,
VOGUIClasses.DLL,VO,SaveAsDialog,Dialog,
VOGUIClasses.DLL,VO,ScrollBar,Control,
VOGUIClasses.DLL,VO,ScrollEvent,Event,
VOGUIClasses.DLL,VO,SelectDialog,Dialog,
VOGUIClasses.DLL,VO,Selection,Support,
VOGUIClasses.DLL,VO,SelectionSlider,Control,
VOGUIClasses.DLL,VO,ShapeObject,Draw,
VOGUIClasses.DLL,VO,ShellWindow,Window,
VOGUIClasses.DLL,VO,SingleLineEdit,TextControl,
VOGUIClasses.DLL,VO,Slider,Control,
VOGUIClasses.DLL,VO,SliderEvent,Event,
VOGUIClasses.DLL,VO,Spinner,Control,
VOGUIClasses.DLL,VO,SpinnerEvent,Event,
VOGUIClasses.DLL,VO,SplitWindow,Window,
VOSQLClasses.DLL,VO,SQLCatalogQuery,SQL,
VOSQLClasses.DLL,VO,SQLColumn,SQL,
VOSQLClasses.DLL,VO,SQLColumnAttributes,SQL,
VOSQLClasses.DLL,VO,SQLConnection,SQL,
VOSQLClasses.DLL,VO,SQLData,SQL,
VOSQLClasses.DLL,VO,SqlData_Union,SQL,
VOSQLClasses.DLL,VO,SQLErrorInfo,SQL,
VOSQLClasses.DLL,VO,SQLListColumnPrivileges,SQL,
VOSQLClasses.DLL,VO,SQLListColumns,SQL,
VOSQLClasses.DLL,VO,SQLListForeignKeys,SQL,
VOSQLClasses.DLL,VO,SQLListPrimaryKeys,SQL,
VOSQLClasses.DLL,VO,SQLListProcedureColumns,SQL,
VOSQLClasses.DLL,VO,SQLListProcedures,SQL,
VOSQLClasses.DLL,VO,SQLListSpecialColumns,SQL,
VOSQLClasses.DLL,VO,SQLListStatistics,SQL,
VOSQLClasses.DLL,VO,SQLListTablePrivileges,SQL,
VOSQLClasses.DLL,VO,SQLListTables,SQL,
VOSQLClasses.DLL,VO,SQLListTypeInfo,SQL,
VOSQLClasses.DLL,VO,SqlParameter,SQL,
VOSQLClasses.DLL,VO,SQLSelect,SQL,
VOSQLClasses.DLL,VO,SQLStatement,SQL,
VOSQLClasses.DLL,VO,SQLTable,SQL,
VOSQLClasses.DLL,VO,SQLValue,SQL,
VOGUIClasses.DLL,VO,StandardColorDialog,Dialog,
VOGUIClasses.DLL,VO,StandardDialog,Dialog,
VOGUIClasses.DLL,VO,StandardFileDialog,Dialog,
VOGUIClasses.DLL,VO,StandardFolderDialog,Dialog,
VOGUIClasses.DLL,VO,StandardFontDialog,Dialog,
VOGUIClasses.DLL,VO,StatusBar,Control,
VOGUIClasses.DLL,VO,StatusBarItem,Control,
VOGUIClasses.DLL,VO,StatusBarKeyItem,Control,
VOSystemClasses.DLL,VO,StringFS,Data,
VOGUIClasses.DLL,VO,SysLink,Control,
VOGUIClasses.DLL,VO,SysLinkSelectEvent,Event,
VOGUIClasses.DLL,VO,SystemMenu,Menu,
VOGUIClasses.DLL,VO,TabControl,Control,
VOGUIClasses.DLL,VO,TextBox,Dialog,
VOGUIClasses.DLL,VO,TextControl,TextControl,
VOGUIClasses.DLL,VO,TextObject,Draw,
VOGUIClasses.DLL,VO,ToolBar,Control,
VOGUIClasses.DLL,VO,TopAppWindow,Window,
VOGUIClasses.DLL,VO,TreeView,Control,
VOGUIClasses.DLL,VO,TreeViewDeleteEvent,Event,
VOGUIClasses.DLL,VO,TreeViewDragEvent,Event,
VOGUIClasses.DLL,VO,TreeViewEditEvent,Event,
VOGUIClasses.DLL,VO,TreeViewExpandedEvent,Event,
VOGUIClasses.DLL,VO,TreeViewExpandingEvent,Event,
VOGUIClasses.DLL,VO,TreeViewItem,Control,
VOGUIClasses.DLL,VO,TreeViewKeyEvent,Event,
VOGUIClasses.DLL,VO,TreeViewMouseEvent,Event,
VOGUIClasses.DLL,VO,TreeViewSelectionEvent,Event,
VOGUIClasses.DLL,VO,VerticalScrollBar,Control,
VOGUIClasses.DLL,VO,VerticalSelectionSlider,Control,
VOGUIClasses.DLL,VO,VerticalSlider,Control,
VOGUIClasses.DLL,VO,VerticalSpinner,Control,
VOGUIClasses.DLL,VO,WarningBox,Dialog,
VOGUIClasses.DLL,VO,Window,Window,
VOGUIClasses.DLL,VO,WindowHorizontalScrollBar,Control,
VOGUIClasses.DLL,VO,WindowScrollBar,Control,
VOGUIClasses.DLL,VO,WindowVerticalScrollBar,Control,
XSharp.RT.DLL,XSharp,BlobData,RDD,
VOGUIClasses.DLL,XSharp,ChildWinForm,Window,
XSharp.RT.DLL,XSharp,Codeblock,Application,
XSharp.Core.DLL,XSharp,CollationMode,Support,International
XSharp.Core.DLL,XSharp,Collations,Support,International
XSharp.Core.DLL,XSharp,Conversions,Support,
XSharp.Core.DLL,XSharp,CoreDb,Support,
XSharp.Core.DLL,XSharp,DateCountry,Support,
XSharp.Data.DLL,XSharp,DbDataColumn,Data,
XSharp.Data.DLL,XSharp,DbDataRow,Data,
XSharp.Data.DLL,XSharp,DbDataSource,Data,
XSharp.Data.DLL,XSharp,DbDataTable,Data,
XSharp.Data.DLL,XSharp,DbField,Data,
XSharp.Core.DLL,XSharp,DbNotifyEventArgs,RDD,Support
XSharp.Core.DLL,XSharp,DbNotifyEventHandler,RDD,Support
XSharp.Data.DLL,XSharp,DbRecord,Data,
XSharp.Core.DLL,XSharp,DialectChanged,State,
XSharp.Core.DLL,XSharp,Error,Error,
XSharp.VO.DLL,XSharp,ErrorDialog,Error,Dialog
XSharp.Core.DLL,XSharp,FileSearcher,File,
XSharp.Core.DLL,XSharp,FileStreamExensions,File,
XSharp.RT.DLL,XSharp,FixedMemBlockEnd,Support,
XSharp.RT.DLL,XSharp,FixedMemBlockStart,Support,
XSharp.RT.DLL,XSharp,FoxArrayHelpers,Support,
XSharp.VFP.DLL,XSharp,FoxCollations,VFP,
XSharp.Core.DLL,XSharp,Gencode,Error,
XSharp.Core.DLL,XSharp,IClosedRDD,RDD,
XSharp.Core.DLL,XSharp,ICodeblock,Support,
XSharp.Core.DLL,XSharp,ICodeblock2,Support,
XSharp.Core.DLL,XSharp,IDate,Support,
XSharp.Core.DLL,XSharp,IDbNotify,Support,
XSharp.RT.DLL,XSharp,IDynamicProperties,Support,
XSharp.RT.DLL,XSharp,IDynamicProperties2,Application,
XSharp.Core.DLL,XSharp,IFloat,Support,
XSharp.RT.DLL,XSharp,IIndexedProperties,Support,
XSharp.RT.DLL,XSharp,IIndexer,Support,
XSharp.Core.DLL,XSharp,IMacroCompiler,Macro,
XSharp.Core.DLL,XSharp,IMacroCompiler2,Macro,
XSharp.RT.DLL,XSharp,IMacroCompilerUsual,Support,
XSharp.Core.DLL,XSharp,ImplicitNamespaceAttribute,Attributes,
XSharp.RT.DLL,XSharp,INamedIndexer,Support,
XSharp.RT.DLL,XSharp,IRtCodeblock,Support,
XSharp.Core.DLL,XSharp,MacroCompilerIncludeAssemblyInCache,Macro,
XSharp.Core.DLL,XSharp,MacroCompilerResolveAmbiguousMatch,Macro,
XSharp.RT.DLL,XSharp,MemVar,Support,
XSharp.VO.DLL,XSharp,NamedArg,OLE,
XSharp.VO.DLL,XSharp,OleAutoObject,OLE,
XSharp.VO.DLL,XSharp,OleAutoObjectFromFile,OLE,
XSharp.VO.DLL,XSharp,OleDateTime,OLE,
XSharp.Core.DLL,XSharp,RuntimeState,State,
XSharp.Core.DLL,XSharp,Set,State,
XSharp.Core.DLL,XSharp,Severity,Error,
XSharp.Core.DLL,XSharp,StateChanged,State,
XSharp.Core.DLL,XSharp,StateChangedEventArgs,State,
XSharp.Core.DLL,XSharp,Subcodes,Error,
XSharp.VFP.DLL,XSharp,VFPErrors,Error,
XSharp.VO.DLL,XSharp,VObject,Support,
XSharp.RT.DLL,XSharp,VoDb,RDD,
VOGUIClasses.DLL,XSharp,VOWinFormApp,Window,
VOGUIClasses.DLL,XSharp,WinFormVOWindow,Window,
VOGUIClasses.DLL,XSharp,WinFormVOWindowHost,Window,
XSharp.Core.DLL,XSharp,XSharpDialect,Support,
XSharp.RDD.DLL,XSharp.ADS,AceError,ADS,
XSharp.RDD.DLL,XSharp.ADS,AceTrigEvent,ADS,
XSharp.RDD.DLL,XSharp.ADS,AceTrigOptions,ADS,
XSharp.RDD.DLL,XSharp.ADS,AceTrigType,ADS,
XSharp.RDD.DLL,XSharp.ADS,AceValidate,ADS,
XSharp.RDD.DLL,XSharp.ADS,ADD_FIELD_DESC,ADS,
XSharp.RDD.DLL,XSharp.ADS,ADS_MGMT_ACTIVITY_INFO,ADS,
XSharp.RDD.DLL,XSharp.ADS,ADS_MGMT_COMM_STATS,ADS,
XSharp.RDD.DLL,XSharp.ADS,ADS_MGMT_CONFIG_MEMORY,ADS,
XSharp.RDD.DLL,XSharp.ADS,ADS_MGMT_CONFIG_PARAMS,ADS,
XSharp.RDD.DLL,XSharp.ADS,ADS_MGMT_INDEX_INFO,ADS,
XSharp.RDD.DLL,XSharp.ADS,ADS_MGMT_INSTALL_INFO,ADS,
XSharp.RDD.DLL,XSharp.ADS,ADS_MGMT_RECORD_INFO,ADS,
XSharp.RDD.DLL,XSharp.ADS,ADS_MGMT_TABLE_INFO,ADS,
XSharp.RDD.DLL,XSharp.ADS,ADS_MGMT_THREAD_ACTIVITY,ADS,
XSharp.RDD.DLL,XSharp.ADS,ADS_MGMT_UPTIME_INFO,ADS,
XSharp.RDD.DLL,XSharp.ADS,ADS_MGMT_USAGE_INFO,ADS,
XSharp.RDD.DLL,XSharp.ADS,ADS_MGMT_USER_INFO,ADS,
XSharp.RDD.DLL,XSharp.ADS,ADSADT,ADS,
XSharp.RDD.DLL,XSharp.ADS,AdsCharacterColumn,ADS,
XSharp.RDD.DLL,XSharp.ADS,AdsCharTypes,ADS,
XSharp.RDD.DLL,XSharp.ADS,AdsColumn,ADS,
XSharp.RDD.DLL,XSharp.ADS,AdsDateColumn,ADS,
XSharp.RDD.DLL,XSharp.ADS,AdsError,ADS,
XSharp.RDD.DLL,XSharp.ADS,AdsFieldType,ADS,
XSharp.RDD.DLL,XSharp.ADS,ADSIndex,ADS,
XSharp.RDD.DLL,XSharp.ADS,AdsLogicColumn,ADS,
XSharp.RDD.DLL,XSharp.ADS,ADSMemo,ADS,
XSharp.RDD.DLL,XSharp.ADS,AdsMemoColumn,ADS,
XSharp.RDD.DLL,XSharp.ADS,AdsNumericColumn,ADS,
XSharp.RDD.DLL,XSharp.ADS,ADSRDD,ADS,
XSharp.RDD.DLL,XSharp.ADS,AXDBFCDX,ADS,
XSharp.RDD.DLL,XSharp.ADS,AXDBFNTX,ADS,
XSharp.RDD.DLL,XSharp.ADS,AXDBFVFP,ADS,
XSharp.RDD.DLL,XSharp.ADS,AXSQLADT,ADS,
XSharp.RDD.DLL,XSharp.ADS,AXSQLCDX,ADS,
XSharp.RDD.DLL,XSharp.ADS,AXSQLNTX,ADS,
XSharp.RDD.DLL,XSharp.ADS,AXSQLRDD,ADS,
XSharp.RDD.DLL,XSharp.ADS,AXSQLVFP,ADS,
XSharp.RDD.DLL,XSharp.ADS,CallbackFn,ADS,
XSharp.RDD.DLL,XSharp.ADS,CallbackFn101,ADS,
XSharp.Data.DLL,XSharp.Data,AbstractSqlFactory,SQL,
XSharp.Data.DLL,XSharp.Data,ISqlFactory,SQL,
XSharp.Data.DLL,XSharp.Data,OdbcFactory,SQL,
XSharp.Data.DLL,XSharp.Data,OleDbFactory,SQL,
XSharp.Data.DLL,XSharp.Data,SqlServerFactory,SQL,
XSharp.RT.Debugger.DLL,XSharp.Debugger,GlobalsWindow,Application,
XSharp.RT.Debugger.DLL,XSharp.Debugger,MemVarsWindow,Application,
XSharp.RT.Debugger.DLL,XSharp.Debugger,SettingsWindow,Application,
XSharp.RT.Debugger.DLL,XSharp.Debugger,VariablesWindow,Application,
XSharp.RT.Debugger.DLL,XSharp.Debugger,WorkareasWindow,Application,
XSharp.Core.DLL,XSharp.Internal,ActualTypeAttribute,Attributes,
XSharp.Core.DLL,XSharp.Internal,AllowLateBindingAttribute,Attributes,
XSharp.Core.DLL,XSharp.Internal,ClassLibraryAttribute,Attributes,
XSharp.Core.DLL,XSharp.Internal,ClipperCallingConventionAttribute,Attributes,
XSharp.RT.DLL,XSharp.Internal,CompilerServices,Support,
XSharp.Core.DLL,XSharp.Internal,CompilerVersionAttribute,Attributes,
XSharp.Core.DLL,XSharp.Internal,DefaultParameterValueAttribute,Attributes,
XSharp.Core.DLL,XSharp.Internal,IsInstanceAttribute,Attributes,
XSharp.Core.DLL,XSharp.Internal,NeedsAccessToLocalsAttribute,Attributes,
XSharp.Core.DLL,XSharp.Internal,TypesChangedAttribute,Attributes,
XSharp.Core.DLL,XSharp.Internal,VoStructAttribute,Attributes,
XSharp.Core.DLL,XSharp.Internal,WrappedException,Error,
XSharp.Core.DLL,XSharp.IO,XsBufferedFileStream,File,Support
XSharp.Core.DLL,XSharp.IO,XsFileStream,File,Support
XSharp.Core.DLL,XSharp.IO,XsWin32FileStream,File,Support
XSharp.Core.DLL,XSharp.RDD,BaseIndex,RDD,
XSharp.Core.DLL,XSharp.RDD,BaseMemo,RDD,
XSharp.RDD.DLL,XSharp.RDD,CSV,RDD,
XSharp.Core.DLL,XSharp.RDD,CursorProperty,RDD,
XSharp.Core.DLL,XSharp.RDD,DatabasePropertyCollection,DBC,
XSharp.Core.DLL,XSharp.RDD,DatabasePropertyType,DBC,
XSharp.Core.DLL,XSharp.RDD,DataSession,RDD,
XSharp.Core.DLL,XSharp.RDD,Dbc,DBC,
XSharp.Core.DLL,XSharp.RDD,DbcConnection,DBC,
XSharp.Core.DLL,XSharp.RDD,DbcDatabase,DBC,
XSharp.Core.DLL,XSharp.RDD,DbcField,DBC,
XSharp.Core.DLL,XSharp.RDD,DbcIndex,DBC,
XSharp.Core.DLL,XSharp.RDD,DbcManager,DBC,
XSharp.Core.DLL,XSharp.RDD,DbcObject,DBC,
XSharp.Core.DLL,XSharp.RDD,DbColumnInfo,DBC,
XSharp.Core.DLL,XSharp.RDD,DbcOther,DBC,
XSharp.Core.DLL,XSharp.RDD,DbcRelation,DBC,
XSharp.Core.DLL,XSharp.RDD,DbcTable,DBC,
XSharp.Core.DLL,XSharp.RDD,DbcView,DBC,
XSharp.Core.DLL,XSharp.RDD,DbDate,Support,
XSharp.RDD.DLL,XSharp.RDD,DBF,RDD,
XSharp.RDD.DLL,XSharp.RDD,DbfAutoIncrementColumn,RDD,
XSharp.RDD.DLL,XSharp.RDD,DBFCDX,RDD,
XSharp.RDD.DLL,XSharp.RDD,DbfCharacterColumn,RDD,
XSharp.RDD.DLL,XSharp.RDD,DbfColumn,RDD,
XSharp.RDD.DLL,XSharp.RDD,DbfCurrencyColumn,RDD,
XSharp.RDD.DLL,XSharp.RDD,DbfDateColumn,RDD,
XSharp.RDD.DLL,XSharp.RDD,DbfDateTimeColumn,RDD,
XSharp.RDD.DLL,XSharp.RDD,DBFDBT,RDD,
XSharp.RDD.DLL,XSharp.RDD,DbfDoubleColumn,RDD,
XSharp.RDD.DLL,XSharp.RDD,DbfField,RDD,
XSharp.RDD.DLL,XSharp.RDD,DBFFPT,RDD,
XSharp.RDD.DLL,XSharp.RDD,DbfHeader,RDD,
XSharp.RDD.DLL,XSharp.RDD,DbfHeaderCodepage,RDD,
XSharp.RDD.DLL,XSharp.RDD,DbfIntegerColumn,RDD,
XSharp.Core.DLL,XSharp.RDD,DbFloat,Support,
XSharp.RDD.DLL,XSharp.RDD,DbfLocking,RDD,
XSharp.RDD.DLL,XSharp.RDD,DbfLockingModel,RDD,
XSharp.RDD.DLL,XSharp.RDD,DbfLogicColumn,RDD,
XSharp.RDD.DLL,XSharp.RDD,DbfMemoColumn,RDD,
XSharp.RDD.DLL,XSharp.RDD,DBFNTX,RDD,
XSharp.RDD.DLL,XSharp.RDD,DbfNullColumn,RDD,
XSharp.RDD.DLL,XSharp.RDD,DbfNumericColumn,RDD,
XSharp.RDD.DLL,XSharp.RDD,DBFTableFlags,RDD,
XSharp.RDD.DLL,XSharp.RDD,DBFVersion,RDD,
XSharp.RDD.DLL,XSharp.RDD,DBFVFP,RDD,
XSharp.RDD.DLL,XSharp.RDD,DBFVFPSQL,RDD,
XSharp.RDD.DLL,XSharp.RDD,DELIM,RDD,
XSharp.RDD.DLL,XSharp.RDD,ERDD,RDD,Error
XSharp.Core.DLL,XSharp.RDD,IBlobData,RDD,
XSharp.Core.DLL,XSharp.RDD,IDbRow,Support,
XSharp.Core.DLL,XSharp.RDD,IMemo,Support,
XSharp.RDD.DLL,XSharp.RDD,InputBuffer,Data,
XSharp.Core.DLL,XSharp.RDD,IOrder,Support,
XSharp.Core.DLL,XSharp.RDD,IRawData,Data,
XSharp.Core.DLL,XSharp.RDD,IRdd,Support,
XSharp.RDD.DLL,XSharp.RDD,LockTimer,RDD,
XSharp.RDD.DLL,XSharp.RDD,OsCodepage,RDD,
XSharp.Core.DLL,XSharp.RDD,RddError,Error,
XSharp.Core.DLL,XSharp.RDD,RegisteredRDD,RDD,
XSharp.RDD.DLL,XSharp.RDD,SDF,RDD,
XSharp.Core.DLL,XSharp.RDD,SQLProperty,SQL,
XSharp.RDD.DLL,XSharp.RDD,TEXTRDD,RDD,
XSharp.RDD.DLL,XSharp.RDD,TSV,RDD,
XSharp.Core.DLL,XSharp.RDD,Workarea,RDD,
XSharp.Core.DLL,XSharp.RDD,Workareas,RDD,
XSharp.Core.DLL,XSharp.RDD,WrapperRDD,RDD,
XSharp.Core.DLL,XSharp.RDD.Enums,AutoShareMode,Support,
XSharp.Core.DLL,XSharp.RDD.Enums,DBFFieldFlags,RDD,Support
XSharp.Core.DLL,XSharp.RDD.Enums,DbfHeaderCodepage,RDD,Support
XSharp.Core.DLL,XSharp.RDD.Enums,DbFieldInfo,RDD,Support
XSharp.Core.DLL,XSharp.RDD.Enums,DbFieldType,RDD,Support
XSharp.Core.DLL,XSharp.RDD.Enums,DbInfo,RDD,Support
XSharp.Core.DLL,XSharp.RDD.Enums,DbLockMode,RDD,Support
XSharp.Core.DLL,XSharp.RDD.Enums,DbNotificationType,RDD,Support
XSharp.Core.DLL,XSharp.RDD.Enums,DbOrder_Info,RDD,Support
XSharp.Core.DLL,XSharp.RDD.Enums,DbRecordInfo,RDD,Support
XSharp.Core.DLL,XSharp.RDD.Enums,DbSortFlags,RDD,Support
XSharp.Core.DLL,XSharp.RDD.Enums,DbTransInfoFlags,RDD,Support
XSharp.Core.DLL,XSharp.RDD.Enums,RddInfo,RDD,
XSharp.Core.DLL,XSharp.RDD.Support,DbEvalInfo,RDD,Support
XSharp.Core.DLL,XSharp.RDD.Support,DbFilterInfo,RDD,Support
XSharp.Core.DLL,XSharp.RDD.Support,DbLockInfo,RDD,Support
XSharp.Core.DLL,XSharp.RDD.Support,DbOpenInfo,RDD,Support
XSharp.Core.DLL,XSharp.RDD.Support,DbOrderCondInfo,RDD,Support
XSharp.Core.DLL,XSharp.RDD.Support,DbOrderCreateInfo,RDD,Support
XSharp.Core.DLL,XSharp.RDD.Support,DbOrderInfo,RDD,Support
XSharp.Core.DLL,XSharp.RDD.Support,DbRelInfo,RDD,Support
XSharp.Core.DLL,XSharp.RDD.Support,DbScopeInfo,RDD,Support
XSharp.Core.DLL,XSharp.RDD.Support,DbSeekInfo,RDD,Support
XSharp.Core.DLL,XSharp.RDD.Support,DbSortInfo,RDD,Support
XSharp.Core.DLL,XSharp.RDD.Support,DbSortItem,RDD,Support
XSharp.Core.DLL,XSharp.RDD.Support,DbTransInfo,RDD,Support
XSharp.Core.DLL,XSharp.RDD.Support,DbTransItem,RDD,Support
XSharp.Core.DLL,XSharp.RDD.Support,RddFieldInfo,RDD,
XSharp.RT.DLL,XSharp.RT,MemWalker,Support,
XSharp.RT.DLL,XSharp.RT,ShowErrorDialog_Delegate,Error,
XSharp.VFP.DLL,XSharp.VFP,Abstract,VFP,
XSharp.VFP.DLL,XSharp.VFP,AssertDialog,VFP,
XSharp.VFP.DLL,XSharp.VFP,AssertResult,VFP,
XSharp.VFP.DLL,XSharp.VFP,Collection,VFP,
XSharp.VFP.DLL,XSharp.VFP,Custom,VFP,
XSharp.VFP.DLL,XSharp.VFP,Empty,VFP,
XSharp.VFP.DLL,XSharp.VFP,NameValuePair,Application,
XSharp.VFP.DLL,XSharp.VFP,PropertyContainer,Application,
XSharp.VFP.DLL,XSharp.VFP,PropertyDescriptor,Application,
XSharp.VFP.DLL,XSharp.VFP,PropertyNotFoundException,VFP,Error
XSharp.VORDDClasses.DLL,XSharp.VO.SDK,AdsSQLServer,ADS,
XSharp.VOSystemClasses.DLL,XSharp.VO.SDK,Concurrency,Data,
XSharp.VOConsoleClasses.DLL,XSharp.VO.SDK,Console,Display,
XSharp.VOConsoleClasses.DLL,XSharp.VO.SDK,ConsoleCoord,Display,
XSharp.VOSystemClasses.DLL,XSharp.VO.SDK,DataField,Data,
XSharp.VOSystemClasses.DLL,XSharp.VO.SDK,DataServer,Data,
XSharp.VOSystemClasses.DLL,XSharp.VO.SDK,DateFS,Data,
XSharp.VORDDClasses.DLL,XSharp.VO.SDK,DbFileSpec,Data,
XSharp.VORDDClasses.DLL,XSharp.VO.SDK,DbServer,Data,
XSharp.VOSystemClasses.DLL,XSharp.VO.SDK,FieldSpec,Data,
XSharp.VOSystemClasses.DLL,XSharp.VO.SDK,FileSpec,Data,
XSharp.VOSystemClasses.DLL,XSharp.VO.SDK,HyperLabel,Help,
XSharp.VOSystemClasses.DLL,XSharp.VO.SDK,IntegerFS,Data,
XSharp.VOSystemClasses.DLL,XSharp.VO.SDK,LogicFS,Data,
XSharp.VOSystemClasses.DLL,XSharp.VO.SDK,MoneyFS,Data,
XSharp.VOSystemClasses.DLL,XSharp.VO.SDK,Notify,Data,
XSharp.VOSystemClasses.DLL,XSharp.VO.SDK,NumberFS,Data,
XSharp.VORDDClasses.DLL,XSharp.VO.SDK,OrderSpec,Data,
XSharp.VOSQLClasses.DLL,XSharp.VO.SDK,SQLCatalogQuery,SQL,
XSharp.VOSQLClasses.DLL,XSharp.VO.SDK,SQLColumn,SQL,
XSharp.VOSQLClasses.DLL,XSharp.VO.SDK,SQLColumnAttributes,SQL,
XSharp.VOSQLClasses.DLL,XSharp.VO.SDK,SQLConnection,SQL,
XSharp.VOSQLClasses.DLL,XSharp.VO.SDK,SQLData,SQL,
XSharp.VOSQLClasses.DLL,XSharp.VO.SDK,SQLErrorInfo,SQL,
XSharp.VOSQLClasses.DLL,XSharp.VO.SDK,SQLListColumnPrivileges,SQL,
XSharp.VOSQLClasses.DLL,XSharp.VO.SDK,SQLListColumns,SQL,
XSharp.VOSQLClasses.DLL,XSharp.VO.SDK,SQLListDatabases,SQL,
XSharp.VOSQLClasses.DLL,XSharp.VO.SDK,SQLListForeignKeys,SQL,
XSharp.VOSQLClasses.DLL,XSharp.VO.SDK,SQLListIndexColumns,SQL,
XSharp.VOSQLClasses.DLL,XSharp.VO.SDK,SQLListIndexes,SQL,
XSharp.VOSQLClasses.DLL,XSharp.VO.SDK,SQLListPrimaryKeys,SQL,
XSharp.VOSQLClasses.DLL,XSharp.VO.SDK,SQLListProcedureColumns,SQL,
XSharp.VOSQLClasses.DLL,XSharp.VO.SDK,SQLListProcedureParameters,SQL,
XSharp.VOSQLClasses.DLL,XSharp.VO.SDK,SQLListProcedures,SQL,
XSharp.VOSQLClasses.DLL,XSharp.VO.SDK,SQLListReservedWords,SQL,
XSharp.VOSQLClasses.DLL,XSharp.VO.SDK,SQLListRestrictions,SQL,
XSharp.VOSQLClasses.DLL,XSharp.VO.SDK,SQLListSpecialColumns,SQL,
XSharp.VOSQLClasses.DLL,XSharp.VO.SDK,SQLListStatistics,SQL,
XSharp.VOSQLClasses.DLL,XSharp.VO.SDK,SQLListTablePrivileges,SQL,
XSharp.VOSQLClasses.DLL,XSharp.VO.SDK,SQLListTables,SQL,
XSharp.VOSQLClasses.DLL,XSharp.VO.SDK,SQLListTriggers,SQL,
XSharp.VOSQLClasses.DLL,XSharp.VO.SDK,SQLListTypeInfo,SQL,
XSharp.VOSQLClasses.DLL,XSharp.VO.SDK,SQLListUsers,SQL,
XSharp.VOSQLClasses.DLL,XSharp.VO.SDK,SQLListViewColumns,SQL,
XSharp.VOSQLClasses.DLL,XSharp.VO.SDK,SQLListViews,SQL,
XSharp.VOSQLClasses.DLL,XSharp.VO.SDK,SqlParameter,SQL,
XSharp.VOSQLClasses.DLL,XSharp.VO.SDK,SQLSelect,SQL,
XSharp.VOSQLClasses.DLL,XSharp.VO.SDK,SQLStatement,SQL,
XSharp.VOSQLClasses.DLL,XSharp.VO.SDK,SQLTable,SQL,
XSharp.VOSQLClasses.DLL,XSharp.VO.SDK,SQLValue,SQL,
XSharp.VOSystemClasses.DLL,XSharp.VO.SDK,StringFS,Data,
XSharp.XPP.DLL,XSharp.XPP,Abstract,XPP,
XSharp.XPP.DLL,XSharp.XPP,ClassObject,XPP,
XSharp.XPP.DLL,XSharp.XPP,DataObject,XPP,
XSharp.XPP.DLL,XSharp.XPP,XAction,XPP,
XSharp.XPP.DLL,XSharp.XPP,XDocument,XPP,
XSharp.XPP.DLL,XSharp.XPP,XError,XPP,
XSharp.XPP.DLL,XSharp.XPP,XPPCollations,XPP,
